Title_GoldenGlobes,Title_Oscars,Similarity,Verification,Year_GG,Year_Oscars
splendor in the grass,splendor in the grass,1.0000000000000007,TRUE,1961,1961
juliet of the spirits,juliet of the spirits,1.0000000000000007,TRUE,1965,1966
tom sawyer,tom sawyer,1.0000000000000007,TRUE,1973,1973
blue sky,blue sky,1.0000000000000007,TRUE,1994,1994
mr hollands opus,mr hollands opus,1.0000000000000007,TRUE,1995,1995
kiss of death,kiss of death,1.0000000000000004,TRUE,1947,1947
black narcissus,black narcissus,1.0000000000000004,TRUE,1947,1947
the red shoes,the red shoes,1.0000000000000004,TRUE,1948,1948
edward my son,edward my son,1.0000000000000004,TRUE,1949,1949
born yesterday,born yesterday,1.0000000000000004,TRUE,1950,1950
harvey,harvey,1.0000000000000004,TRUE,1950,1950
adams rib,adams rib,1.0000000000000004,TRUE,1950,1950
the blue veil,the blue veil,1.0000000000000004,TRUE,1951,1951
on the riviera,on the riviera,1.0000000000000004,TRUE,1951,1951
lili,lili,1.0000000000000004,TRUE,1953,1953
written on the wind,written on the wind,1.0000000000000004,TRUE,1956,1956
midnight lace,midnight lace,1.0000000000000004,TRUE,1960,1960
pepe,pepe,1.0000000000000004,TRUE,1960,1960
murder inc,murder inc,1.0000000000000004,TRUE,1960,1960
bachelor in paradise,bachelor in paradise,1.0000000000000004,TRUE,1961,1961
the roman spring of mrs stone,the roman spring of mrs stone,1.0000000000000004,TRUE,1961,1961
harry and the butler,harry and the butler,1.0000000000000004,TRUE,1961,1961
two women,two women,1.0000000000000004,TRUE,1961,1961
the four days of naples,the four days of naples,1.0000000000000004,TRUE,1963,1962
cheyenne autumn,cheyenne autumn,1.0000000000000004,TRUE,1964,1964
inside daisy clover,inside daisy clover,1.0000000000000004,TRUE,1965,1965
gambit,gambit,1.0000000000000004,TRUE,1966,1966
wait until dark,wait until dark,1.0000000000000004,TRUE,1967,1967
joanna,joanna,1.0000000000000004,FALSE,1968,2014
paint your wagon,paint your wagon,1.0000000000000004,TRUE,1969,1969
mary queen of scots,mary queen of scots,1.0000000000000004,TRUE,1971,1971
tchaikovsky,tchaikovsky,1.0000000000000004,TRUE,1971,1971
sounder,sounder,1.0000000000000004,TRUE,1972,1972
whiffs,whiffs,1.0000000000000004,TRUE,1975,1975
i never promised you a rose garden,i never promised you a rose garden,1.0000000000000004,TRUE,1977,1977
same time next year,same time next year,1.0000000000000004,TRUE,1978,1978
thank god its friday,thank god its friday,1.0000000000000004,TRUE,1978,1978
fame,fame,1.0000000000000004,TRUE,1980,1980
arthur,arthur,1.0000000000000004,TRUE,1981,1981
flashdance,flashdance,1.0000000000000004,TRUE,1983,1983
long days journey into night,long days journey into night,1.0000000000000004,FALSE,1987,1962
tucker the man and his dream,tucker the man and his dream,1.0000000000000004,TRUE,1988,1988
batman,batman,1.0000000000000004,TRUE,1989,1989
parenthood,parenthood,1.0000000000000004,TRUE,1989,1989
rambling rose,rambling rose,1.0000000000000004,TRUE,1991,1991
love field,love field,1.0000000000000004,TRUE,1992,1992
scent of a woman,scent of a woman,1.0000000000000004,FALSE,1992,1975
rob roy,rob roy,1.0000000000000004,TRUE,1995,1995
secrets  lies,secrets  lies,1.0000000000000004,TRUE,1996,1996
michael collins,michael collins,1.0000000000000004,TRUE,1996,1996
primal fear,primal fear,1.0000000000000004,TRUE,1996,1996
lone star,lone star,1.0000000000000004,TRUE,1996,1996
gladiator,gladiator,1.0000000000000004,TRUE,2000,2000
madame bovary,madame bovary,1.0000000000000004,FALSE,2000,1949
chicago,chicago,1.0000000000000004,TRUE,2002,2002
spirit stallion of the cimarron,spirit stallion of the cimarron,1.0000000000000004,TRUE,2002,2002
in america,in america,1.0000000000000004,TRUE,2003,2003
the aviator,the aviator,1.0000000000000004,TRUE,2004,2004
blood diamond,blood diamond,1.0000000000000004,TRUE,2006,2006
atonement,atonement,1.0000000000000004,TRUE,2007,2007
slumdog millionaire,slumdog millionaire,1.0000000000000004,TRUE,2008,2008
walle,walle,1.0000000000000004,TRUE,2008,2008
the girl with the dragon tattoo,the girl with the dragon tattoo,1.0000000000000004,TRUE,2011,2011
life of pi,life of pi,1.0000000000000004,TRUE,2012,2012
foxcatcher,foxcatcher,1.0000000000000004,TRUE,2014,2014
the lobster,the lobster,1.0000000000000004,TRUE,2016,2016
baby driver,baby driver,1.0000000000000004,TRUE,2017,2017
blackkklansman,blackkklansman,1.0000000000000004,TRUE,2018,2018
for whom the bell tolls,for whom the bell tolls,1.0000000000000002,TRUE,1943,1943
watch on the rhine,watch on the rhine,1.0000000000000002,TRUE,1943,1943
going my way,going my way,1.0000000000000002,TRUE,1944,1944
gaslight,gaslight,1.0000000000000002,TRUE,1944,1944
the picture of dorian gray,the picture of dorian gray,1.0000000000000002,TRUE,1945,1945
the razors edge,the razors edge,1.0000000000000002,TRUE,1946,1946
miracle on 34th street,miracle on 34th street,1.0000000000000002,TRUE,1947,1947
the treasure of the sierra madre,the treasure of the sierra madre,1.0000000000000002,TRUE,1948,1948
johnny belinda,johnny belinda,1.0000000000000002,TRUE,1948,1948
battleground,battleground,1.0000000000000002,TRUE,1949,1949
the hasty heart,the hasty heart,1.0000000000000002,TRUE,1949,1949
the magnificent yankee,the magnificent yankee,1.0000000000000002,TRUE,1950,1950
when willie comes marching home,when willie comes marching home,1.0000000000000002,TRUE,1950,1950
destination moon,destination moon,1.0000000000000002,TRUE,1950,1950
king solomons mines,king solomons mines,1.0000000000000002,TRUE,1950,1950
a place in the sun,a place in the sun,1.0000000000000002,TRUE,1951,1951
detective story,detective story,1.0000000000000002,TRUE,1951,1951
an american in paris,an american in paris,1.0000000000000002,TRUE,1951,1951
teresa,teresa,1.0000000000000002,TRUE,1951,1951
too young to kiss,too young to kiss,1.0000000000000002,TRUE,1951,1951
decision before dawn,decision before dawn,1.0000000000000002,TRUE,1951,1951
sudden fear,sudden fear,1.0000000000000002,TRUE,1952,1952
my cousin rachel,my cousin rachel,1.0000000000000002,TRUE,1952,1952
high noon,high noon,1.0000000000000002,TRUE,1952,1952
viva zapata,viva zapata,1.0000000000000002,TRUE,1952,1952
the quiet man,the quiet man,1.0000000000000002,TRUE,1952,1952
ivanhoe,ivanhoe,1.0000000000000002,TRUE,1952,1952
navajo,navajo,1.0000000000000002,TRUE,1952,1952
moulin rouge,moulin rouge,1.0000000000000002,TRUE,1952,1952
with a song in my heart,with a song in my heart,1.0000000000000002,TRUE,1952,1952
roman holiday,roman holiday,1.0000000000000002,TRUE,1953,1953
hell and high water,hell and high water,1.0000000000000002,TRUE,1953,1954
call me madam,call me madam,1.0000000000000002,TRUE,1953,1953
on the waterfront,on the waterfront,1.0000000000000002,TRUE,1954,1954
sabrina,sabrina,1.0000000000000002,TRUE,1954,1954
carmen jones,carmen jones,1.0000000000000002,TRUE,1954,1954
brigadoon,brigadoon,1.0000000000000002,TRUE,1954,1954
love is a manysplendored thing,love is a manysplendored thing,1.0000000000000002,TRUE,1955,1955
east of eden,east of eden,1.0000000000000002,TRUE,1955,1955
ill cry tomorrow,ill cry tomorrow,1.0000000000000002,TRUE,1955,1955
baby doll,baby doll,1.0000000000000002,TRUE,1956,1956
lust for life,lust for life,1.0000000000000002,TRUE,1956,1956
giant,giant,1.0000000000000002,TRUE,1956,1956
rebel without a cause,rebel without a cause,1.0000000000000002,TRUE,1956,1955
bus stop,bus stop,1.0000000000000002,TRUE,1956,1956
witness for the prosecution,witness for the prosecution,1.0000000000000002,TRUE,1957,1957
sayonara,sayonara,1.0000000000000002,TRUE,1957,1957
my man godfrey,my man godfrey,1.0000000000000002,FALSE,1957,1936
i want to live,i want to live,1.0000000000000002,TRUE,1958,1958
separate tables,separate tables,1.0000000000000002,TRUE,1958,1958
gigi,gigi,1.0000000000000002,TRUE,1958,1958
teachers pet,teachers pet,1.0000000000000002,TRUE,1958,1958
auntie mame,auntie mame,1.0000000000000002,TRUE,1958,1958
houseboat,houseboat,1.0000000000000002,TRUE,1958,1958
cat on a hot tin roof,cat on a hot tin roof,1.0000000000000002,TRUE,1958,1958
south pacific,south pacific,1.0000000000000002,TRUE,1958,1958
anatomy of a murder,anatomy of a murder,1.0000000000000002,TRUE,1959,1959
benhur,benhur,1.0000000000000002,TRUE,1959,1959
some like it hot,some like it hot,1.0000000000000002,TRUE,1959,1959
operation petticoat,operation petticoat,1.0000000000000002,TRUE,1959,1959
porgy and bess,porgy and bess,1.0000000000000002,TRUE,1959,1959
say one for me,say one for me,1.0000000000000002,TRUE,1959,1959
elmer gantry,elmer gantry,1.0000000000000002,TRUE,1960,1960
butterfield 8,butterfield 8,1.0000000000000002,TRUE,1960,1960
sons and lovers,sons and lovers,1.0000000000000002,TRUE,1960,1960
psycho,psycho,1.0000000000000002,TRUE,1960,1960
the alamo,the alamo,1.0000000000000002,TRUE,1960,1960
cancan,cancan,1.0000000000000002,TRUE,1960,1960
never on sunday,never on sunday,1.0000000000000002,TRUE,1960,1960
it started in naples,it started in naples,1.0000000000000002,TRUE,1960,1960
the virgin spring,the virgin spring,1.0000000000000002,TRUE,1960,1960
judgment at nuremberg,judgment at nuremberg,1.0000000000000002,TRUE,1961,1961
pocketful of miracles,pocketful of miracles,1.0000000000000002,TRUE,1961,1961
one two three,one two three,1.0000000000000002,TRUE,1961,1961
lover come back,lover come back,1.0000000000000002,TRUE,1961,1961
town without pity,town without pity,1.0000000000000002,TRUE,1961,1961
the mark,the mark,1.0000000000000002,TRUE,1961,1961
yojimbo,yojimbo,1.0000000000000002,TRUE,1961,1961
breakfast at tiffanys,breakfast at tiffanys,1.0000000000000002,TRUE,1961,1961
flower drum song,flower drum song,1.0000000000000002,TRUE,1961,1961
sweet bird of youth,sweet bird of youth,1.0000000000000002,TRUE,1962,1962
lolita,lolita,1.0000000000000002,TRUE,1962,1962
freud,freud,1.0000000000000002,TRUE,1962,1962
to kill a mockingbird,to kill a mockingbird,1.0000000000000002,TRUE,1962,1962
the wonderful world of the brothers grimm,the wonderful world of the brothers grimm,1.0000000000000002,TRUE,1962,1962
that touch of mink,that touch of mink,1.0000000000000002,TRUE,1962,1962
gypsy,gypsy,1.0000000000000002,TRUE,1962,1962
meredith willsons the music man,meredith willsons the music man,1.0000000000000002,TRUE,1962,1962
billy roses jumbo,billy roses jumbo,1.0000000000000002,TRUE,1962,1962
mutiny on the bounty,mutiny on the bounty,1.0000000000000002,FALSE,1962,1935
taras bulba,taras bulba,1.0000000000000002,TRUE,1962,1962
billy budd,billy budd,1.0000000000000002,TRUE,1962,1962
period of adjustment,period of adjustment,1.0000000000000002,TRUE,1962,1962
this sporting life,this sporting life,1.0000000000000002,TRUE,1963,1963
lilies of the field,lilies of the field,1.0000000000000002,TRUE,1963,1963
captain newman md,captain newman md,1.0000000000000002,TRUE,1963,1963
its a mad mad mad mad world,its a mad mad mad mad world,1.0000000000000002,TRUE,1963,1963
twilight of honor,twilight of honor,1.0000000000000002,TRUE,1963,1963
my fair lady,my fair lady,1.0000000000000002,TRUE,1964,1964
topkapi,topkapi,1.0000000000000002,TRUE,1964,1964
mary poppins,mary poppins,1.0000000000000002,TRUE,1964,1964
hushhush sweet charlotte,hushhush sweet charlotte,1.0000000000000002,TRUE,1964,1964
the fall of the roman empire,the fall of the roman empire,1.0000000000000002,TRUE,1964,1964
sallah,sallah,1.0000000000000002,TRUE,1964,1964
othello,othello,1.0000000000000002,TRUE,1965,1965
ship of fools,ship of fools,1.0000000000000002,TRUE,1965,1965
cat ballou,cat ballou,1.0000000000000002,TRUE,1965,1965
the great race,the great race,1.0000000000000002,TRUE,1965,1965
shenandoah,shenandoah,1.0000000000000002,TRUE,1965,1965
born free,born free,1.0000000000000002,TRUE,1966,1966
the sand pebbles,the sand pebbles,1.0000000000000002,TRUE,1966,1966
hawaii,hawaii,1.0000000000000002,TRUE,1966,1966
georgy girl,georgy girl,1.0000000000000002,TRUE,1966,1966
morgan,morgan,1.0000000000000002,TRUE,1966,1966
loves of a blonde,loves of a blonde,1.0000000000000002,TRUE,1966,1966
blowup,blowup,1.0000000000000002,TRUE,1966,1966
camelot,camelot,1.0000000000000002,TRUE,1967,1967
the climax,the climax,1.0000000000000002,FALSE,1967,1944
thoroughly modern millie,thoroughly modern millie,1.0000000000000002,TRUE,1967,1967
closely watched trains,closely watched trains,1.0000000000000002,TRUE,1967,1967
rosemarys baby,rosemarys baby,1.0000000000000002,TRUE,1968,1968
the lion in winter,the lion in winter,1.0000000000000002,TRUE,1968,1968
oliver,oliver,1.0000000000000002,TRUE,1968,1968
romeo and juliet,romeo and juliet,1.0000000000000002,FALSE,1968,1936
chitty chitty bang bang,chitty chitty bang bang,1.0000000000000002,TRUE,1968,1968
anne of the thousand days,anne of the thousand days,1.0000000000000002,TRUE,1969,1969
hello dolly,hello dolly,1.0000000000000002,TRUE,1969,1969
bob  carol  ted  alice,bob  carol  ted  alice,1.0000000000000002,TRUE,1969,1969
women in love,women in love,1.0000000000000002,TRUE,1970,1970
i never sang for my father,i never sang for my father,1.0000000000000002,TRUE,1970,1970
scrooge,scrooge,1.0000000000000002,TRUE,1970,1970
mash,mash,1.0000000000000002,TRUE,1970,1970
airport,airport,1.0000000000000002,TRUE,1970,1970
wuthering heights,wuthering heights,1.0000000000000002,FALSE,1970,1939
pieces of dreams,pieces of dreams,1.0000000000000002,TRUE,1970,1970
investigation of a citizen above suspicion,investigation of a citizen above suspicion,1.0000000000000002,TRUE,1970,1970
sunday bloody sunday,sunday bloody sunday,1.0000000000000002,TRUE,1971,1971
fiddler on the roof,fiddler on the roof,1.0000000000000002,TRUE,1971,1971
bedknobs and broomsticks,bedknobs and broomsticks,1.0000000000000002,TRUE,1971,1971
cabaret,cabaret,1.0000000000000002,TRUE,1972,1972
pete n tillie,pete n tillie,1.0000000000000002,TRUE,1972,1972
butterflies are free,butterflies are free,1.0000000000000002,TRUE,1972,1972
travels with my aunt,travels with my aunt,1.0000000000000002,TRUE,1972,1972
man of la mancha,man of la mancha,1.0000000000000002,TRUE,1972,1972
cinderella liberty,cinderella liberty,1.0000000000000002,TRUE,1973,1973
summer wishes winter dreams,summer wishes winter dreams,1.0000000000000002,TRUE,1973,1973
serpico,serpico,1.0000000000000002,TRUE,1973,1973
papillon,papillon,1.0000000000000002,TRUE,1973,1973
american graffiti,american graffiti,1.0000000000000002,TRUE,1973,1973
dillinger,dillinger,1.0000000000000002,FALSE,1973,1945
lenny,lenny,1.0000000000000002,TRUE,1974,1974
claudine,claudine,1.0000000000000002,TRUE,1974,1974
young frankenstein,young frankenstein,1.0000000000000002,TRUE,1974,1974
earthquake,earthquake,1.0000000000000002,TRUE,1974,1974
benji,benji,1.0000000000000002,TRUE,1974,1974
one flew over the cuckoos nest,one flew over the cuckoos nest,1.0000000000000002,TRUE,1975,1975
hedda,hedda,1.0000000000000002,TRUE,1975,1975
shampoo,shampoo,1.0000000000000002,TRUE,1975,1975
nashville,nashville,1.0000000000000002,TRUE,1975,1975
barry lyndon,barry lyndon,1.0000000000000002,TRUE,1975,1975
jaws,jaws,1.0000000000000002,TRUE,1975,1975
network,network,1.0000000000000002,TRUE,1976,1976
taxi driver,taxi driver,1.0000000000000002,TRUE,1976,1976
silver streak,silver streak,1.0000000000000002,TRUE,1976,1976
carrie,carrie,1.0000000000000002,FALSE,1976,1952
julia,julia,1.0000000000000002,TRUE,1977,1977
looking for mr goodbar,looking for mr goodbar,1.0000000000000002,TRUE,1977,1977
smokey and the bandit,smokey and the bandit,1.0000000000000002,TRUE,1977,1977
close encounters of the third kind,close encounters of the third kind,1.0000000000000002,TRUE,1977,1977
petes dragon,petes dragon,1.0000000000000002,TRUE,1977,1977
you light up my life,you light up my life,1.0000000000000002,TRUE,1977,1977
california suite,california suite,1.0000000000000002,TRUE,1978,1978
foul play,foul play,1.0000000000000002,TRUE,1978,1978
days of heaven,days of heaven,1.0000000000000002,TRUE,1978,1978
superman,superman,1.0000000000000002,FALSE,1978,1941
alice,alice,1.0000000000000002,FALSE,1978,1990
norma rae,norma rae,1.0000000000000002,TRUE,1979,1979
starting over,starting over,1.0000000000000002,TRUE,1979,1979
being there,being there,1.0000000000000002,TRUE,1979,1979
apocalypse now,apocalypse now,1.0000000000000002,TRUE,1979,1979
breaking away,breaking away,1.0000000000000002,TRUE,1979,1979
alien,alien,1.0000000000000002,TRUE,1979,1979
ice castles,ice castles,1.0000000000000002,TRUE,1979,1979
resurrection,resurrection,1.0000000000000002,TRUE,1980,1980
gloria,gloria,1.0000000000000002,TRUE,1980,1980
raging bull,raging bull,1.0000000000000002,TRUE,1980,1980
tribute,tribute,1.0000000000000002,TRUE,1980,1980
reds,reds,1.0000000000000002,TRUE,1981,1981
absence of malice,absence of malice,1.0000000000000002,TRUE,1981,1981
only when i laugh,only when i laugh,1.0000000000000002,TRUE,1981,1981
ragtime,ragtime,1.0000000000000002,TRUE,1981,1981
raiders of the lost ark,raiders of the lost ark,1.0000000000000002,TRUE,1981,1981
missing,missing,1.0000000000000002,TRUE,1982,1982
annie,annie,1.0000000000000002,TRUE,1982,1982
best friends,best friends,1.0000000000000002,TRUE,1982,1982
my favorite year,my favorite year,1.0000000000000002,TRUE,1982,1982
yes giorgio,yes giorgio,1.0000000000000002,TRUE,1982,1982
terms of endearment,terms of endearment,1.0000000000000002,TRUE,1983,1983
heart like a wheel,heart like a wheel,1.0000000000000002,TRUE,1983,1983
educating rita,educating rita,1.0000000000000002,TRUE,1983,1983
to be or not to be,to be or not to be,1.0000000000000002,FALSE,1983,1942
zelig,zelig,1.0000000000000002,TRUE,1983,1983
country,country,1.0000000000000002,TRUE,1984,1984
under the volcano,under the volcano,1.0000000000000002,TRUE,1984,1984
broadway danny rose,broadway danny rose,1.0000000000000002,TRUE,1984,1984
swing shift,swing shift,1.0000000000000002,TRUE,1984,1984
against all odds,against all odds,1.0000000000000002,TRUE,1984,1984
footloose,footloose,1.0000000000000002,TRUE,1984,1984
out of africa,out of africa,1.0000000000000002,TRUE,1985,1985
runaway train,runaway train,1.0000000000000002,TRUE,1985,1985
kiss of the spider woman,kiss of the spider woman,1.0000000000000002,TRUE,1985,1985
aliens,aliens,1.0000000000000002,TRUE,1986,1986
round midnight,round midnight,1.0000000000000002,TRUE,1986,1986
peggy sue got married,peggy sue got married,1.0000000000000002,TRUE,1986,1986
thats life,thats life,1.0000000000000002,TRUE,1986,1986
crocodile dundee,crocodile dundee,1.0000000000000002,TRUE,1986,1986
hannah and her sisters,hannah and her sisters,1.0000000000000002,TRUE,1986,1986
platoon,platoon,1.0000000000000002,TRUE,1986,1986
blue velvet,blue velvet,1.0000000000000002,TRUE,1986,1986
little shop of horrors,little shop of horrors,1.0000000000000002,TRUE,1986,1986
anna,anna,1.0000000000000002,TRUE,1987,1987
fatal attraction,fatal attraction,1.0000000000000002,TRUE,1987,1987
gaby a true story,gaby  a true story,1.0000000000000002,TRUE,1987,1987
ironweed,ironweed,1.0000000000000002,TRUE,1987,1987
moonstruck,moonstruck,1.0000000000000002,TRUE,1987,1987
broadcast news,broadcast news,1.0000000000000002,TRUE,1987,1987
good morning vietnam,good morning vietnam,1.0000000000000002,TRUE,1987,1987
throw momma from the train,throw momma from the train,1.0000000000000002,TRUE,1987,1987
full metal jacket,full metal jacket,1.0000000000000002,TRUE,1987,1987
street smart,street smart,1.0000000000000002,TRUE,1987,1987
working girl,working girl,1.0000000000000002,TRUE,1988,1988
married to the mob,married to the mob,1.0000000000000002,TRUE,1988,1988
who framed roger rabbit,who framed roger rabbit,1.0000000000000002,TRUE,1988,1988
buster,buster,1.0000000000000002,TRUE,1988,1988
steel magnolias,steel magnolias,1.0000000000000002,TRUE,1989,1989
sex lies and videotape,sex lies and videotape,1.0000000000000002,TRUE,1989,1989
born on the fourth of july,born on the fourth of july,1.0000000000000002,TRUE,1989,1989
my left foot,my left foot,1.0000000000000002,TRUE,1989,1989
dad,dad,1.0000000000000002,TRUE,1989,1989
shirley valentine,shirley valentine,1.0000000000000002,TRUE,1989,1989
glory,glory,1.0000000000000002,TRUE,1989,1989
indiana jones and the last crusade,indiana jones and the last crusade,1.0000000000000002,TRUE,1989,1989
chances are,chances are,1.0000000000000002,TRUE,1989,1989
reversal of fortune,reversal of fortune,1.0000000000000002,TRUE,1990,1990
awakenings,awakenings,1.0000000000000002,TRUE,1990,1990
pretty woman,pretty woman,1.0000000000000002,TRUE,1990,1990
postcards from the edge,postcards from the edge,1.0000000000000002,TRUE,1990,1990
home alone,home alone,1.0000000000000002,TRUE,1990,1990
wild at heart,wild at heart,1.0000000000000002,TRUE,1990,1990
longtime companion,longtime companion,1.0000000000000002,TRUE,1990,1990
dick tracy,dick tracy,1.0000000000000002,TRUE,1990,1990
havana,havana,1.0000000000000002,TRUE,1990,1990
young guns ii,young guns ii,1.0000000000000002,TRUE,1990,1990
bugsy,bugsy,1.0000000000000002,TRUE,1991,1991
jfk,jfk,1.0000000000000002,TRUE,1991,1991
for the boys,for the boys,1.0000000000000002,TRUE,1991,1991
fried green tomatoes,fried green tomatoes,1.0000000000000002,TRUE,1991,1991
city slickers,city slickers,1.0000000000000002,TRUE,1991,1991
barton fink,barton fink,1.0000000000000002,TRUE,1991,1991
beauty and the beast,beauty and the beast,1.0000000000000002,TRUE,1991,1991
hoffa,hoffa,1.0000000000000002,TRUE,1992,1992
husbands and wives,husbands and wives,1.0000000000000002,TRUE,1992,1992
the piano,the piano,1.0000000000000002,TRUE,1993,1993
philadelphia,philadelphia,1.0000000000000002,TRUE,1993,1993
whats love got to do with it,whats love got to do with it,1.0000000000000002,TRUE,1993,1993
six degrees of separation,six degrees of separation,1.0000000000000002,TRUE,1993,1993
addams family values,addams family values,1.0000000000000002,TRUE,1993,1993
in the line of fire,in the line of fire,1.0000000000000002,TRUE,1993,1993
poetic justice,poetic justice,1.0000000000000002,TRUE,1993,1993
beethovens 2nd,beethovens 2nd,1.0000000000000002,TRUE,1993,1993
tom  viv,tom  viv,1.0000000000000002,TRUE,1994,1994
junior,junior,1.0000000000000002,TRUE,1994,1994
ed wood,ed wood,1.0000000000000002,TRUE,1994,1994
quiz show,quiz show,1.0000000000000002,TRUE,1994,1994
casino,casino,1.0000000000000002,TRUE,1995,1995
leaving las vegas,leaving las vegas,1.0000000000000002,TRUE,1995,1995
sense and sensibility,sense and sensibility,1.0000000000000002,TRUE,1995,1995
richard iii,richard iii,1.0000000000000002,FALSE,1995,1956
apollo 13,apollo 13,1.0000000000000002,TRUE,1995,1995
braveheart,braveheart,1.0000000000000002,TRUE,1995,1995
pocahontas,pocahontas,1.0000000000000002,TRUE,1995,1995
don juan demarco,don juan demarco,1.0000000000000002,TRUE,1995,1995
the english patient,the english patient,1.0000000000000002,TRUE,1996,1996
marvins room,marvins room,1.0000000000000002,TRUE,1996,1996
shine,shine,1.0000000000000002,TRUE,1996,1996
evita,evita,1.0000000000000002,TRUE,1996,1996
fargo,fargo,1.0000000000000002,TRUE,1996,1996
mother,mother,1.0000000000000002,FALSE,1996,2018
the mirror has two faces,the mirror has two faces,1.0000000000000002,TRUE,1996,1996
jerry maguire,jerry maguire,1.0000000000000002,TRUE,1996,1996
ghosts of mississippi,ghosts of mississippi,1.0000000000000002,TRUE,1996,1996
contact,contact,1.0000000000000002,FALSE,1997,1992
titanic,titanic,1.0000000000000002,FALSE,1997,1953
ulees gold,ulees gold,1.0000000000000002,TRUE,1997,1997
good will hunting,good will hunting,1.0000000000000002,TRUE,1997,1997
as good as it gets,as good as it gets,1.0000000000000002,TRUE,1997,1997
jackie brown,jackie brown,1.0000000000000002,TRUE,1997,1997
in  out,in  out,1.0000000000000002,TRUE,1997,1997
hercules,hercules,1.0000000000000002,TRUE,1997,1997
anastasia,anastasia,1.0000000000000002,FALSE,1997,1956
elizabeth,elizabeth,1.0000000000000002,TRUE,1998,1998
one true thing,one true thing,1.0000000000000002,TRUE,1998,1998
hilary and jackie,hilary and jackie,1.0000000000000002,TRUE,1998,1998
the truman show,the truman show,1.0000000000000002,TRUE,1998,1998
little voice,little voice,1.0000000000000002,TRUE,1998,1998
a bugs life,a bugs life,1.0000000000000002,TRUE,1998,1998
the prince of egypt,the prince of egypt,1.0000000000000002,TRUE,1998,1998
american beauty,american beauty,1.0000000000000002,TRUE,1999,1999
the insider,the insider,1.0000000000000002,TRUE,1999,1999
before night falls,before night falls,1.0000000000000002,TRUE,2000,2000
wonder boys,wonder boys,1.0000000000000002,TRUE,2000,2000
o brother where art thou,o brother where art thou,1.0000000000000002,TRUE,2000,2000
dr seuss how the grinch stole christmas,dr seuss how the grinch stole christmas,1.0000000000000002,TRUE,2000,2000
billy elliot,billy elliot,1.0000000000000002,TRUE,2000,2000
traffic,traffic,1.0000000000000002,TRUE,2000,2000
crouching tiger hidden dragon,crouching tiger hidden dragon,1.0000000000000002,TRUE,2000,2000
monsters ball,monsters ball,1.0000000000000002,TRUE,2001,2001
iris,iris,1.0000000000000002,TRUE,2001,2001
kate  leopold,kate  leopold,1.0000000000000002,TRUE,2001,2001
vanilla sky,vanilla sky,1.0000000000000002,TRUE,2001,2001
sexy beast,sexy beast,1.0000000000000002,TRUE,2001,2001
the lord of the rings the fellowship of the ring,the lord of the rings the fellowship of the ring,1.0000000000000002,TRUE,2001,2001
memento,memento,1.0000000000000002,TRUE,2001,2001
pearl harbor,pearl harbor,1.0000000000000002,TRUE,2001,2001
far from heaven,far from heaven,1.0000000000000002,TRUE,2002,2002
about schmidt,about schmidt,1.0000000000000002,TRUE,2002,2002
gangs of new york,gangs of new york,1.0000000000000002,TRUE,2002,2002
monster,monster,1.0000000000000002,TRUE,2003,2003
girl with a pearl earring,girl with a pearl earring,1.0000000000000002,TRUE,2003,2003
master and commander the far side of the world,master and commander the far side of the world,1.0000000000000002,TRUE,2003,2003
the last samurai,the last samurai,1.0000000000000002,TRUE,2003,2003
somethings gotta give,somethings gotta give,1.0000000000000002,TRUE,2003,2003
american splendor,american splendor,1.0000000000000002,TRUE,2003,2003
big fish,big fish,1.0000000000000002,TRUE,2003,2003
million dollar baby,million dollar baby,1.0000000000000002,TRUE,2004,2004
vera drake,vera drake,1.0000000000000002,TRUE,2004,2004
the sea inside,the sea inside,1.0000000000000002,TRUE,2004,2004
hotel rwanda,hotel rwanda,1.0000000000000002,TRUE,2004,2004
finding neverland,finding neverland,1.0000000000000002,TRUE,2004,2004
eternal sunshine of the spotless mind,eternal sunshine of the spotless mind,1.0000000000000002,TRUE,2004,2004
ray,ray,1.0000000000000002,TRUE,2004,2004
sideways,sideways,1.0000000000000002,TRUE,2004,2004
memoirs of a geisha,memoirs of a geisha,1.0000000000000002,TRUE,2005,2005
capote,capote,1.0000000000000002,TRUE,2005,2005
brokeback mountain,brokeback mountain,1.0000000000000002,TRUE,2005,2005
good night and good luck,good night and good luck,1.0000000000000002,TRUE,2005,2005
walk the line,walk the line,1.0000000000000002,TRUE,2005,2005
mrs henderson presents,mrs henderson presents,1.0000000000000002,TRUE,2005,2005
charlie and the chocolate factory,charlie and the chocolate factory,1.0000000000000002,TRUE,2005,2005
match point,match point,1.0000000000000002,TRUE,2005,2005
munich,munich,1.0000000000000002,TRUE,2005,2005
venus,venus,1.0000000000000002,TRUE,2006,2006
little miss sunshine,little miss sunshine,1.0000000000000002,TRUE,2006,2006
borat cultural learnings of america for make benefit glorious nation of kazakhstan,borat cultural learnings of america for make benefit glorious nation of kazakhstan,1.0000000000000002,TRUE,2006,2006
pirates of the caribbean dead mans chest,pirates of the caribbean dead mans chest,1.0000000000000002,TRUE,2006,2006
flags of our fathers,flags of our fathers,1.0000000000000002,TRUE,2006,2006
happy feet,happy feet,1.0000000000000002,TRUE,2006,2006
eastern promises,eastern promises,1.0000000000000002,TRUE,2007,2007
juno,juno,1.0000000000000002,TRUE,2007,2007
lars and the real girl,lars and the real girl,1.0000000000000002,TRUE,2007,2007
im not there,im not there,1.0000000000000002,TRUE,2007,2007
gone baby gone,gone baby gone,1.0000000000000002,TRUE,2007,2007
no country for old men,no country for old men,1.0000000000000002,TRUE,2007,2007
revolutionary road,revolutionary road,1.0000000000000002,TRUE,2008,2008
changeling,changeling,1.0000000000000002,TRUE,2008,2008
the wrestler,the wrestler,1.0000000000000002,TRUE,2008,2008
the curious case of benjamin button,the curious case of benjamin button,1.0000000000000002,TRUE,2008,2008
in bruges,in bruges,1.0000000000000002,TRUE,2008,2008
precious based on the novel push by sapphire,precious based on the novel push by sapphire,1.0000000000000002,TRUE,2009,2009
invictus,invictus,1.0000000000000002,TRUE,2009,2009
nine,nine,1.0000000000000002,TRUE,2009,2009
sherlock holmes,sherlock holmes,1.0000000000000002,TRUE,2009,2009
inglourious basterds,inglourious basterds,1.0000000000000002,TRUE,2009,2009
avatar,avatar,1.0000000000000002,TRUE,2009,2009
black swan,black swan,1.0000000000000002,TRUE,2010,2010
the kings speech,the kings speech,1.0000000000000002,TRUE,2010,2010
the social network,the social network,1.0000000000000002,TRUE,2010,2010
emma,emma,1.0000000000000002,FALSE,2010,1931
the help,the help,1.0000000000000002,TRUE,2011,2011
bridesmaids,bridesmaids,1.0000000000000002,TRUE,2011,2011
midnight in paris,midnight in paris,1.0000000000000002,TRUE,2011,2011
drive,drive,1.0000000000000002,TRUE,2011,2011
hugo,hugo,1.0000000000000002,TRUE,2011,2011
we,we,1.0000000000000002,TRUE,2011,2011
war horse,war horse,1.0000000000000002,TRUE,2011,2011
mildred pierce,mildred pierce,1.0000000000000002,FALSE,2011,1945
zero dark thirty,zero dark thirty,1.0000000000000002,TRUE,2012,2012
flight,flight,1.0000000000000002,TRUE,2012,2012
silver linings playbook,silver linings playbook,1.0000000000000002,TRUE,2012,2012
les misérables,les misérables,1.0000000000000002,TRUE,2012,2012
django unchained,django unchained,1.0000000000000002,TRUE,2012,2012
argo,argo,1.0000000000000002,TRUE,2012,2012
philomena,philomena,1.0000000000000002,TRUE,2013,2013
saving mr banks,saving mr banks,1.0000000000000002,TRUE,2013,2013
12 years a slave,12 years a slave,1.0000000000000002,TRUE,2013,2013
mandela long walk to freedom,mandela long walk to freedom,1.0000000000000002,TRUE,2013,2013
american hustle,american hustle,1.0000000000000002,TRUE,2013,2013
august osage county,august osage county,1.0000000000000002,TRUE,2013,2013
nebraska,nebraska,1.0000000000000002,TRUE,2013,2013
inside llewyn davis,inside llewyn davis,1.0000000000000002,TRUE,2013,2013
her,her,1.0000000000000002,TRUE,2013,2013
the book thief,the book thief,1.0000000000000002,TRUE,2013,2013
the theory of everything,the theory of everything,1.0000000000000002,TRUE,2014,2014
gone girl,gone girl,1.0000000000000002,TRUE,2014,2014
wild,wild,1.0000000000000002,TRUE,2014,2014
nightcrawler,nightcrawler,1.0000000000000002,TRUE,2014,2014
the imitation game,the imitation game,1.0000000000000002,TRUE,2014,2014
boyhood,boyhood,1.0000000000000002,TRUE,2014,2014
room,room,1.0000000000000002,TRUE,2015,2015
the danish girl,the danish girl,1.0000000000000002,TRUE,2015,2015
the revenant,the revenant,1.0000000000000002,TRUE,2015,2015
joy,joy,1.0000000000000002,TRUE,2015,2015
the martian,the martian,1.0000000000000002,TRUE,2015,2015
youth,youth,1.0000000000000002,TRUE,2015,2015
creed,creed,1.0000000000000002,TRUE,2015,2015
bridge of spies,bridge of spies,1.0000000000000002,TRUE,2015,2015
mad max fury road,mad max fury road,1.0000000000000002,TRUE,2015,2015
fifty shades of grey,fifty shades of grey,1.0000000000000002,TRUE,2015,2015
loving,loving,1.0000000000000002,TRUE,2016,2016
jackie,jackie,1.0000000000000002,TRUE,2016,2016
hacksaw ridge,hacksaw ridge,1.0000000000000002,TRUE,2016,2016
fences,fences,1.0000000000000002,TRUE,2016,2016
hidden figures,hidden figures,1.0000000000000002,TRUE,2016,2016
gold,gold,1.0000000000000002,FALSE,2016,1974
moana,moana,1.0000000000000002,TRUE,2016,2016
trolls,trolls,1.0000000000000002,TRUE,2016,2016
sing,sing,1.0000000000000002,FALSE,2016,2001
mollys game,mollys game,1.0000000000000002,TRUE,2017,2017
call me by your name,call me by your name,1.0000000000000002,TRUE,2017,2017
roman j israel esq,roman j israel esq,1.0000000000000002,TRUE,2017,2017
victoria  abdul,victoria  abdul,1.0000000000000002,TRUE,2017,2017
i tonya,i tonya,1.0000000000000002,TRUE,2017,2017
the greatest showman,the greatest showman,1.0000000000000002,TRUE,2017,2017
get out,get out,1.0000000000000002,TRUE,2017,2017
dunkirk,dunkirk,1.0000000000000002,TRUE,2017,2017
the star,the star,1.0000000000000002,FALSE,2017,1952
ferdinand,ferdinand,1.0000000000000002,TRUE,2017,2017
can you ever forgive me,can you ever forgive me,1.0000000000000002,TRUE,2018,2018
vice,vice,1.0000000000000002,TRUE,2018,2018
if beale street could talk,if beale street could talk,1.0000000000000002,TRUE,2018,2018
roma,roma,1.0000000000000002,TRUE,2018,2018
black panther,black panther,1.0000000000000002,TRUE,2018,2018
judy,judy,1.0000000000000002,TRUE,2019,2019
little women,little women,1.0000000000000002,FALSE,2019,1932
knives out,knives out,1.0000000000000002,TRUE,2019,2019
rocketman,rocketman,1.0000000000000002,TRUE,2019,2019
jojo rabbit,jojo rabbit,1.0000000000000002,TRUE,2019,2019
once upon a timein hollywood,once upon a timein hollywood,1.0000000000000002,TRUE,2019,2019
1917,1917,1.0000000000000002,TRUE,2019,2019
parasite,parasite,1.0000000000000002,TRUE,2019,2019
its a wonderful life,its a wonderful life,0.9999999999999999,TRUE,1946,1946
life with father,life with father,0.9999999999999999,TRUE,1947,1947
samson and delilah,samson and delilah,0.9999999999999999,TRUE,1950,1950
here comes the groom,here comes the groom,0.9999999999999999,TRUE,1951,1951
come back little sheba,come back little sheba,0.9999999999999999,TRUE,1952,1952
trial,trial,0.9999999999999999,TRUE,1955,1955
suddenly last summer,suddenly last summer,0.9999999999999999,TRUE,1959,1959
the hustler,the hustler,0.9999999999999999,TRUE,1961,1961
what ever happened to baby jane,what ever happened to baby jane,0.9999999999999999,TRUE,1962,1962
david and lisa,david and lisa,0.9999999999999999,TRUE,1962,1962
dear heart,dear heart,0.9999999999999999,TRUE,1964,1964
the sandpiper,the sandpiper,0.9999999999999999,TRUE,1965,1965
bonnie and clyde,bonnie and clyde,0.9999999999999999,TRUE,1967,1967
guess whos coming to dinner,guess whos coming to dinner,0.9999999999999999,TRUE,1967,1967
fellini satyricon,fellini satyricon,0.9999999999999999,TRUE,1969,1970
ryans daughter,ryans daughter,0.9999999999999999,TRUE,1970,1970
images,images,0.9999999999999999,TRUE,1972,1972
lies my father told me,lies my father told me,0.9999999999999999,TRUE,1975,1975
voyage of the damned,voyage of the damned,0.9999999999999999,TRUE,1976,1976
and justice for all,and justice for all,0.9999999999999999,TRUE,1979,1979
star trek the motion picture,star trek  the motion picture,0.9999999999999999,TRUE,1979,1979
private benjamin,private benjamin,0.9999999999999999,TRUE,1980,1980
melvin and howard,melvin and howard,0.9999999999999999,TRUE,1980,1980
prizzis honor,prizzis honor,0.9999999999999999,TRUE,1985,1985
children of a lesser god,children of a lesser god,0.9999999999999999,TRUE,1986,1986
dirty dancing,dirty dancing,0.9999999999999999,TRUE,1987,1987
mannequin,mannequin,0.9999999999999999,FALSE,1987,1938
green card,green card,0.9999999999999999,TRUE,1990,1990
short cuts,short cuts,0.9999999999999999,TRUE,1993,1993
the nightmare before christmas,the nightmare before christmas,0.9999999999999999,TRUE,1993,1993
nobodys fool,nobodys fool,0.9999999999999999,TRUE,1994,1994
the talented mr ripley,the talented mr ripley,0.9999999999999999,TRUE,1999,1999
angelas ashes,angelas ashes,0.9999999999999999,TRUE,1999,1999
dancer in the dark,dancer in the dark,0.9999999999999999,TRUE,2000,2000
meet the parents,meet the parents,0.9999999999999999,TRUE,2000,2000
catch me if you can,catch me if you can,0.9999999999999999,TRUE,2002,2002
the lord of the rings the return of the king,the lord of the rings the return of the king,0.9999999999999999,TRUE,2003,2003
a history of violence,a history of violence,0.9999999999999999,TRUE,2005,2005
pride  prejudice,pride  prejudice,0.9999999999999999,TRUE,2005,2005
the chronicles of narnia the lion the witch and the wardrobe,the chronicles of narnia the lion the witch and the wardrobe,0.9999999999999999,TRUE,2005,2005
elvis,elvis,0.9999999999999999,FALSE,2005,2022
american gangster,american gangster,0.9999999999999999,TRUE,2007,2007
enchanted,enchanted,0.9999999999999999,TRUE,2007,2007
sweeney todd the demon barber of fleet street,sweeney todd the demon barber of fleet street,0.9999999999999999,TRUE,2007,2007
alice in wonderland,alice in wonderland,0.9999999999999999,FALSE,2010,1951
dallas buyers club,dallas buyers club,0.9999999999999999,TRUE,2013,2013
the hateful eight,the hateful eight,0.9999999999999999,TRUE,2015,2015
captain fantastic,captain fantastic,0.9999999999999999,TRUE,2016,2016
isle of dogs,isle of dogs,0.9999999999999999,TRUE,2018,2018
marriage story,marriage story,0.9999999999999999,TRUE,2019,2019
pain and glory,pain and glory,0.9999999999999999,TRUE,2019,2019
richard jewell,richard jewell,0.9999999999999999,TRUE,2019,2019
wilson,wilson,0.9999999999999998,TRUE,1944,1944
the bells of st marys,the bells of st marys,0.9999999999999998,TRUE,1945,1945
the yearling,the yearling,0.9999999999999998,TRUE,1946,1946
mister 880,mister 880,0.9999999999999998,TRUE,1950,1950
the moon is blue,the moon is blue,0.9999999999999998,TRUE,1953,1953
marty,marty,0.9999999999999998,TRUE,1955,1955
guys and dolls,guys and dolls,0.9999999999999998,TRUE,1955,1955
heaven knows mr allison,heaven knows mr allison,0.9999999999999998,TRUE,1957,1957
wild strawberries,wild strawberries,0.9999999999999998,TRUE,1959,1959
summer and smoke,summer and smoke,0.9999999999999998,TRUE,1961,1961
gigot,gigot,0.9999999999999998,TRUE,1962,1962
marriage italian style,marriage italian style,0.9999999999999998,TRUE,1964,1964
where love has gone,where love has gone,0.9999999999999998,TRUE,1964,1964
rachel rachel,rachel rachel,0.9999999999999998,TRUE,1968,1968
midnight cowboy,midnight cowboy,0.9999999999999998,TRUE,1969,1969
cromwell,cromwell,0.9999999999999998,TRUE,1970,1970
young winston,young winston,0.9999999999999998,TRUE,1972,1972
altered states,altered states,0.9999999999999998,TRUE,1980,1980
romancing the stone,romancing the stone,0.9999999999999998,TRUE,1984,1984
songwriter,songwriter,0.9999999999999998,TRUE,1984,1984
agnes of god,agnes of god,0.9999999999999998,TRUE,1985,1985
remo williams the adventure begins,remo williams the adventure begins,0.9999999999999998,TRUE,1985,1985
misery,misery,0.9999999999999998,TRUE,1990,1990
cape fear,cape fear,0.9999999999999998,TRUE,1991,1991
enchanted april,enchanted april,0.9999999999999998,TRUE,1992,1992
being john malkovich,being john malkovich,0.9999999999999998,TRUE,1999,1999
in the bedroom,in the bedroom,0.9999999999999998,TRUE,2001,2001
mystic river,mystic river,0.9999999999999998,TRUE,2003,2003
lost in translation,lost in translation,0.9999999999999998,TRUE,2003,2003
the pursuit of happyness,the pursuit of happyness,0.9999999999999998,TRUE,2006,2006
dreamgirls,dreamgirls,0.9999999999999998,TRUE,2006,2006
letters from iwo jima,letters from iwo jima,0.9999999999999998,TRUE,2006,2006
michael clayton,michael clayton,0.9999999999999998,TRUE,2007,2007
into the wild,into the wild,0.9999999999999998,TRUE,2007,2007
milk,milk,0.9999999999999998,TRUE,2008,2008
animal kingdom,animal kingdom,0.9999999999999998,TRUE,2010,2010
selma,selma,0.9999999999999998,TRUE,2014,2014
carol,carol,0.9999999999999998,TRUE,2015,2015
arrival,arrival,0.9999999999999998,TRUE,2016,2016
mary poppins returns,mary poppins returns,0.9999999999999998,TRUE,2018,2018
broken arrow,broken arrow,0.9999999999999997,TRUE,1950,1950
spartacus,spartacus,0.9999999999999997,TRUE,1960,1960
birdman of alcatraz,birdman of alcatraz,0.9999999999999997,TRUE,1962,1962
doctor zhivago,doctor zhivago,0.9999999999999997,TRUE,1965,1965
crimes of the heart,crimes of the heart,0.9999999999999997,TRUE,1986,1986
about a boy,about a boy,0.9999999999999997,TRUE,2002,2002
captain phillips,captain phillips,0.9999999999999997,TRUE,2013,2013
all the kings men,all the kings men,0.9999999999999996,TRUE,1949,1949
el cid,el cid,0.9999999999999996,TRUE,1961,1961
schindlers list,schindlers list,0.9999999999999996,TRUE,1993,1993
mrs doubtfire,mrs doubtfire,0.9999999999999996,TRUE,1993,1993
three billboards outside ebbing missouri,three billboards outside ebbing missouri,0.9999999999999996,TRUE,2017,2017
black orpheus,black orpheus,0.9999999999999994,TRUE,1959,1959
exodus,exodus,0.9999999999999994,TRUE,1960,1960
a majority of one,a majority of one,0.9999999999999994,TRUE,1961,1961
midnight express,midnight express,0.9999999999999994,TRUE,1978,1978
three faces of eve the,the three faces of eve,0.9829941615541078,TRUE,1957,1957
russians are coming the russians are coming the,the russians are coming the russians are coming,0.9788060303075008,TRUE,1966,1966
discreet charm of the bourgeoisie the,the discreet charm of the bourgeoisie,0.9652163493799342,TRUE,1972,1972
time to love and a time to die a,a time to love and a time to die,0.9647574349534332,TRUE,1958,1958
officer and a gentleman an,an officer and a gentleman,0.9640592592712077,TRUE,1982,1982
best little whorehouse in texas the,the best little whorehouse in texas,0.9636086635107065,TRUE,1982,1982
lord of the rings the two towers the,the lord of the rings the two towers,0.9619236282641779,TRUE,2002,2002
three musketeers the,the three musketeers,0.9611460998173504,FALSE,1974,1948
shawshank redemption the,the shawshank redemption,0.9598852802987337,TRUE,1994,1994
beautiful day in the neighborhood a,a beautiful day in the neighborhood,0.9578938826874873,TRUE,2019,2019
dark at the top of the stairs the,the dark at the top of the stairs,0.9555308283160856,TRUE,1960,1960
pink panther strikes again the,the pink panther strikes again,0.9552471752679291,TRUE,1976,1976
inn of the sixth happiness the,the inn of the sixth happiness,0.9548101167726541,TRUE,1958,1958
spy who came in from the cold the,the spy who came in from the cold,0.9546021346451625,TRUE,1965,1965
thomas crown affair the,the thomas crown affair,0.9524587360597229,TRUE,1968,1968
prime of miss jean brodie the,the prime of miss jean brodie,0.9522918815480357,TRUE,1969,1969
willy wonka  the chocolate factory,willy wonka and the chocolate factory,0.9498751812298335,TRUE,1971,1971
people vs larry flynt the,the people vs larry flynt,0.9475186699958873,TRUE,1996,1996
subject was roses the,the subject was roses,0.9475032910239002,TRUE,1968,1968
milagro beanfield war the,the milagro beanfield war,0.9471078990705948,TRUE,1988,1988
man who wasnt there the,the man who wasnt there,0.9470421909675786,TRUE,2001,2001
fabulous baker boys the,the fabulous baker boys,0.9444496923706824,TRUE,1989,1989
heart is a lonely hunter the,the heart is a lonely hunter,0.9443345692234509,TRUE,1968,1968
unbearable lightness of being the,the unbearable lightness of being,0.9442488070929207,TRUE,1988,1988
woman under the influence a,a woman under the influence,0.9441775653282973,TRUE,1974,1974
man who would be king the,the man who would be king,0.9436129230716367,TRUE,1975,1975
last king of scotland the,the last king of scotland,0.9429734805967138,TRUE,2006,2006
happiest millionaire the,the happiest millionaire,0.9421998346459562,TRUE,1967,1967
secret of santa vittoria the,the secret of santa vittoria,0.9420984305130912,TRUE,1969,1969
poseidon adventure the,the poseidon adventure,0.9416623573732099,TRUE,1972,1972
magnificent seven the,the magnificent seven,0.9413333789508249,FALSE,1960,1956
bridges of madison county the,the bridges of madison county,0.9411204276509844,TRUE,1995,1995
young philadelphians the,the young philadelphians,0.9392761093001915,TRUE,1959,1959
french connection the,the french connection,0.9385309425364822,TRUE,1971,1971
phantom of the opera the,phantom of the opera,0.9385166200311311,FALSE,1990,1943
other side of the mountain the,the other side of the mountain,0.9379696279589388,TRUE,1975,1975
royal tenenbaums the,the royal tenenbaums,0.9356829740083441,TRUE,2001,2001
amityville horror the,the amityville horror,0.9349360341064011,TRUE,1979,1979
spy who loved me the,the spy who loved me,0.9346378547644298,TRUE,1977,1977
day of the dolphin the,the day of the dolphin,0.9340052872219512,TRUE,1973,1973
e t the extraterrestrial,et the extraterrestrial,0.9339399317527363,TRUE,1982,1982
andromeda strain the,the andromeda strain,0.9333356865012917,TRUE,1971,1971
year of living dangerously the,the year of living dangerously,0.9322726748955772,TRUE,1983,1983
china syndrome the,the china syndrome,0.9320121928742178,TRUE,1979,1979
member of the wedding the,the member of the wedding,0.9318729895297698,TRUE,1952,1952
age of innocence the,the age of innocence,0.9312969459084953,TRUE,1993,1993
color purple the,the color purple,0.9308477235214004,TRUE,1985,1985
agony and the ecstasy the,the agony and the ecstasy,0.9306729405016032,TRUE,1965,1965
ten commandments the,the ten commandments,0.9305252121311816,TRUE,1956,1956
shop on main street the,the shop on main street,0.9298684328748245,TRUE,1966,1965
squid and the whale the,the squid and the whale,0.9297941863375156,TRUE,2005,2005
buddy holly story the,the buddy holly story,0.9297622614445187,TRUE,1978,1978
way we were the,the way we were,0.9284985102959877,TRUE,1973,1973
grand budapest hotel the,the grand budapest hotel,0.9283174297097125,TRUE,2014,2014
last of the mohicans the,the last of the mohicans,0.9281378999669367,FALSE,1992,1936
a i artificial intelligence,ai artificial intelligence,0.9280701869636804,TRUE,2001,2001
man in the glass booth the,the man in the glass booth,0.9280452858749335,TRUE,1975,1975
constant gardener the,the constant gardener,0.9279934289882216,TRUE,2005,2005
bad and the beautiful the,the bad and the beautiful,0.9279012604778276,TRUE,1952,1952
clockwork orange a,a clockwork orange,0.9263907345200968,TRUE,1971,1971
fortune cookie the,the fortune cookie,0.9262694606092984,TRUE,1966,1966
sixth sense the,the sixth sense,0.9259822113820965,TRUE,1999,1999
accidental tourist the,the accidental tourist,0.9258129006696297,TRUE,1988,1988
farmers daughter the,the farmers daughter,0.9247316037046915,FALSE,1963,1947
cider house rules the,the cider house rules,0.9239312038729421,TRUE,1999,1999
silver chalice the,the silver chalice,0.9237298787935478,FALSE,1956,1954
angry silence the,the angry silence,0.9231265714060923,TRUE,1960,1960
horse whisperer the,the horse whisperer,0.9221171520210878,TRUE,1998,1998
man for all seasons a,a man for all seasons,0.9218260056091391,TRUE,1966,1966
river runs through it a,a river runs through it,0.9213568208762928,TRUE,1992,1992
bridge on the river kwai the,the bridge on the river kwai,0.9212422227939702,TRUE,1957,1957
miracle worker the,the miracle worker,0.9212235028036857,TRUE,1962,1962
high and the mighty the,the high and the mighty,0.9211768645860902,TRUE,1954,1954
private benjamin tv,private benjamin,0.9211253308095674,TRUE,1981,1980
thousand clowns a,a thousand clowns,0.9204719927685312,TRUE,1965,1965
wings of the dove the,the wings of the dove,0.9198839496884235,TRUE,1997,1997
boys from brazil the,the boys from brazil,0.9197513506364025,TRUE,1978,1978
promise,promises,0.9197453179357769,FALSE,1986,2001
heartbreak kid the,the heartbreak kid,0.9197134802743308,TRUE,1972,1972
beauty and the beast tv,beauty and the beast,0.9194724386499197,FALSE,1987,1991
thursdays child,thursdays children,0.9185762780875232,FALSE,1983,1954
day of the locust the,the day of the locust,0.9181512260187606,TRUE,1975,1975
slipper and the rose  the story of cinderella the,the slipper and the rosethe story of cinderella,0.9180971980727465,TRUE,1976,1977
sisters,sister,0.9173343703454881,FALSE,1993,2019
muppet movie the,the muppet movie,0.9171921800862864,TRUE,1979,1979
purple rose of cairo the,the purple rose of cairo,0.9161772864480904,TRUE,1985,1985
in the heat of the night tv,in the heat of the night,0.9159681453644041,FALSE,1988,1967
pawnbroker the,the pawnbroker,0.9158548113835036,TRUE,1965,1965
dirty dozen the,the dirty dozen,0.9157741614122391,TRUE,1967,1967
american president the,the american president,0.9155428924717387,TRUE,1995,1995
pumpkin eater the,the pumpkin eater,0.9153828265082827,TRUE,1964,1964
up close  personal,up close and personal,0.9152629192849945,TRUE,1996,1996
conversation the,the conversation,0.9146466338108233,TRUE,1974,1974
florida project the,the florida project,0.9143760153590256,TRUE,2017,2017
silence of the lambs the,the silence of the lambs,0.9138034628143575,TRUE,1991,1991
competition the,the competition,0.9137316189589414,TRUE,1980,1980
usual suspects the,the usual suspects,0.9135826043541234,TRUE,1995,1995
nutty professor the,the nutty professor,0.9131155001307412,TRUE,1996,1996
disaster artist the,the disaster artist,0.9129805593202844,TRUE,2017,2017
taming of the shrew the,the taming of the shrew,0.9127972952103319,TRUE,1967,1967
great white hope the,the great white hope,0.9125312656226539,TRUE,1970,1970
dark angel,the dark angel,0.9125035921400304,FALSE,2000,1935
day of the jackal the,the day of the jackal,0.9124249937576662,TRUE,1973,1973
portrait of a lady the,the portrait of a lady,0.9113309728415028,TRUE,1996,1996
night of the iguana the,the night of the iguana,0.9112710514741414,TRUE,1964,1964
hatful of rain a,a hatful of rain,0.9110041062336866,TRUE,1957,1957
kids are all right the,the kids are all right,0.9102506021558424,TRUE,2010,2010
little prince the,the little prince,0.9100599700631619,TRUE,1974,1974
black stallion the,the black stallion,0.9099503274765994,TRUE,1979,1979
touch of class a,a touch of class,0.9095925702465059,TRUE,1973,1973
addams family the,the addams family,0.9090714958909714,TRUE,1991,1991
godfather part iii the,the godfather part iii,0.9088261348448795,TRUE,1990,1990
dry white season a,a dry white season,0.9079815494436826,TRUE,1989,1989
unmarried woman an,an unmarried woman,0.9079728313502297,TRUE,1978,1978
solid gold cadillac the,the solid gold cadillac,0.9078175732584723,TRUE,1956,1956
mask of zorro the,the mask of zorro,0.9075634451506858,TRUE,1998,1998
barefoot contessa the,the barefoot contessa,0.9070608161308281,TRUE,1954,1954
mating season the,the mating season,0.9069442331506076,TRUE,1951,1951
sterile cuckoo the,the sterile cuckoo,0.9061359802515436,TRUE,1969,1969
professionals the,the professionals,0.9056879855198657,TRUE,1966,1966
sunshine boys the,the sunshine boys,0.9050418618376099,TRUE,1975,1975
confession the,the confession,0.9048177981784679,FALSE,1970,2010
last picture show the,the last picture show,0.9042563490756963,TRUE,1971,1971
great gatsby the,the great gatsby,0.9034432627503076,TRUE,1974,1974
jazz singer the,the jazz singer,0.9032002108713025,FALSE,1980,1927
prince of tides the,the prince of tides,0.9015460360477758,TRUE,1991,1991
incredible sarah the,the incredible sarah,0.9009930306446577,TRUE,1976,1976
crucible the,the crucible,0.9009233961841311,TRUE,1996,1996
remains of the day the,the remains of the day,0.9002754728087551,TRUE,1993,1993
turning point the,the turning point,0.9000324664883987,TRUE,1977,1977
medium,the medium,0.8997884598743924,FALSE,2005,1952
five pennies the,the five pennies,0.8992298155266119,TRUE,1959,1959
ghost and mrs muir the,the ghost and mrs muir,0.8991572934230414,FALSE,1968,1947
mambo kings the,the mambo kings,0.8991506980401732,TRUE,1992,1992
childrens hour the,the childrens hour,0.8991179894406477,TRUE,1961,1961
dark knight the,the dark knight,0.8986619078970666,TRUE,2008,2008
lovely bones the,the lovely bones,0.8984098188840102,TRUE,2009,2009
defiant ones the,the defiant ones,0.8984073316083028,TRUE,1958,1958
diary of anne frank the,the diary of anne frank,0.8983173456056707,TRUE,1959,1959
simple plan a,a simple plan,0.8983043825524061,TRUE,1998,1998
flight of the phoenix the,the flight of the phoenix,0.8980654209351486,TRUE,1965,1965
happy ending the,the happy ending,0.8977196936139302,TRUE,1969,1969
blue lagoon the,the blue lagoon,0.8977142399407535,TRUE,1980,1980
pink panther the,the pink panther,0.8975738914826682,TRUE,1964,1964
paper chase the,the paper chase,0.8974290301866363,TRUE,1973,1973
little mermaid the,the little mermaid,0.8971818905858393,TRUE,1989,1989
favourite the,the favourite,0.8948415834907374,TRUE,2018,2018
civil action a,a civil action,0.8945652546425038,TRUE,1998,1998
new kind of love a,a new kind of love,0.8942957132741769,TRUE,1963,1963
damages,damage,0.8941578819000777,FALSE,2007,1992
outlander,outland,0.8939526641863804,FALSE,2015,1981
goodbye girl the,the goodbye girl,0.8937964059934869,TRUE,1977,1977
two popes the,the two popes,0.8937283553257853,TRUE,2019,2019
living desert the,the living desert,0.8933169032376531,TRUE,1953,1953
victor victoria,victor,0.8932545272148581,FALSE,1982,1998
impossible the,the impossible,0.8931072967904723,TRUE,2012,2012
tempest,the tempest,0.8925819087249577,FALSE,1982,2010
deer hunter the,the deer hunter,0.8925190819649496,TRUE,1978,1978
color of money the,the color of money,0.8920059487223652,TRUE,1986,1986
godfather part ii the,the godfather part ii,0.8919365940815042,TRUE,1974,1974
conformist the,the conformist,0.8917616490490861,TRUE,1971,1971
karate kid part ii the,the karate kid part ii,0.8911683235334109,TRUE,1986,1986
killing fields the,the killing fields,0.8896216888640612,TRUE,1984,1984
little romance a,a little romance,0.8895719872191813,TRUE,1979,1979
hurt locker the,the hurt locker,0.8894052116905491,TRUE,2009,2009
four poster the,the four poster,0.8893882118237787,TRUE,1952,1953
soldiers story a,a soldiers story,0.8893494441381805,TRUE,1984,1984
patch of blue a,a patch of blue,0.8887754204917602,TRUE,1965,1965
last station the,the last station,0.8886353757558265,TRUE,2009,2009
birdcage the,the birdcage,0.8884295541828876,TRUE,1996,1996
descendants the,the descendants,0.8875956200657197,TRUE,2011,2011
graduate the,the graduate,0.8848997533360099,TRUE,1967,1967
sundowners the,the sundowners,0.8845429853810911,TRUE,1960,1960
slender thread the,the slender thread,0.8844492911142264,TRUE,1965,1965
boy friend the,the boy friend,0.8833228151117591,TRUE,1971,1971
untouchables the,the untouchables,0.8826796676050301,TRUE,1987,1987
few good men a,a few good men,0.8823373552162707,TRUE,1992,1992
fugitive the,the fugitive,0.8820256494297634,TRUE,1993,1993
caretakers the,the caretakers,0.8819282659924005,TRUE,1963,1963
elephant man the,the elephant man,0.8817419597027056,TRUE,1980,1980
moonlighting,moonlight,0.8816180000743148,FALSE,1985,2016
french connection ii,the french connection,0.8815225091679092,FALSE,1975,1971
room with a view a,a room with a view,0.8803158155403823,TRUE,1986,1986
front page the,the front page,0.8801576723190296,FALSE,1974,1930
the hour,the hours,0.8799986021972447,FALSE,2011,2002
the searchers,the search,0.8796731536911371,FALSE,1957,1948
ruling class the,the ruling class,0.8786205358491879,TRUE,1972,1972
big country the,the big country,0.8785019793393798,TRUE,1958,1958
special day a,a special day,0.8778919504671796,TRUE,1977,1977
stunt man the,the stunt man,0.8777228063769154,TRUE,1980,1980
woman in red the,the woman in red,0.8772754035958426,TRUE,1984,1984
bostonians the,the bostonians,0.8767915404677675,TRUE,1984,1984
divorce italian style,divorceitalian style,0.8764373831503115,TRUE,1962,1962
godfather the,the godfather,0.8758391686260572,TRUE,1972,1972
old man and the sea the,the old man and the sea,0.8747699526309289,TRUE,1958,1958
rainmaker the,the rainmaker,0.8739722510848641,TRUE,1956,1956
young victoria the,the young victoria,0.8735302512577401,TRUE,2009,2009
exorcist the,the exorcist,0.8721710932778454,TRUE,1973,1973
green mile the,the green mile,0.8720877977547762,TRUE,1999,1999
policeman the,the policeman,0.8708967284986898,TRUE,1971,1971
country girl the,the country girl,0.8708730418311479,TRUE,1954,1954
collector the,the collector,0.8701995369917449,TRUE,1965,1965
fisher king the,the fisher king,0.8693331047546775,TRUE,1991,1991
blind side the,the blind side,0.8684899152201647,TRUE,2009,2009
savages the,the savages,0.8680595488812632,TRUE,2007,2007
quiet american the,the quiet american,0.8674685317237341,TRUE,2002,2002
shootist the,the shootist,0.8659585483619812,TRUE,1976,1976
closer the,closer,0.8654453149430033,TRUE,2005,2004
the missing,missing,0.8637854597163436,FALSE,2014,1982
last detail the,the last detail,0.8635381425800127,TRUE,1973,1973
hurricane the,the hurricane,0.8634016635232857,FALSE,1999,1937
serious man a,a serious man,0.8633968363850233,TRUE,2009,2009
egyptian the,the egyptian,0.8631676820356367,TRUE,1953,1954
messenger the,the messenger,0.8630511191786131,TRUE,2009,2009
east of eden tv,east of eden,0.8629567728448314,FALSE,1981,1955
longest day the,the longest day,0.8628178410232489,TRUE,1962,1962
brave one the,the brave one,0.8627475680503719,FALSE,2007,1956
bad seed the,the bad seed,0.8625727531697405,TRUE,1956,1956
in country,country,0.8623703453438312,FALSE,1989,1984
accused the,the accused,0.8621349553697402,TRUE,1988,1988
sound of music the,the sound of music,0.8616964373072137,TRUE,1965,1965
golden girls the,golden girl,0.8614686926561012,FALSE,1985,1951
family,the family,0.8611428579761483,FALSE,1976,1987
grifters the,the grifters,0.8595248911185929,TRUE,1990,1990
interview with the vampire the vampire chronicles,interview with the vampire,0.8588152743050591,TRUE,1994,1994
departed the,the departed,0.8584007507310295,TRUE,2006,2006
tempest the,the tempest,0.8583691634401334,FALSE,1998,2010
apartment the,the apartment,0.8575166430549932,TRUE,1960,1960
fixer the,the fixer,0.8566742489561544,TRUE,1968,1968
karate kid the,the karate kid,0.8553099057725915,TRUE,1984,1984
american tail an,an american tail,0.8540734222808962,TRUE,1986,1986
contender the,the contender,0.8532293764991663,TRUE,2000,2000
rose tattoo the,the rose tattoo,0.8518302899872612,TRUE,1955,1955
landlord the,the landlord,0.8502392387355836,TRUE,1970,1970
lshaped room the,the lshaped room,0.8495697553465846,TRUE,1963,1963
damned the,the damned,0.8495001451154447,TRUE,1969,1969
big short the,the big short,0.8464412894529003,TRUE,2015,2015
absentminded professor the,the absent minded professor,0.8455158470674359,TRUE,1961,1961
generation,from generation to generation,0.8451159577936352,FALSE,1969,1959
emigrants the,the emigrants,0.8447102884204979,TRUE,1972,1971
sessions the,the sessions,0.8441511289921092,TRUE,2012,2012
harry  tonto,harry and tonto,0.8430121219312079,TRUE,1974,1974
irishman the,the irishman,0.8429638754663442,TRUE,2019,2019
young lions the,the young lions,0.8420553992700287,TRUE,1958,1958
quiet place a,a quiet place,0.8417347835179474,TRUE,2018,2018
big chill the,the big chill,0.8404200475200623,TRUE,1983,1983
ellen,elle,0.8388482755259772,FALSE,1994,2016
lion king the,the lion king,0.8381202841643441,FALSE,2019,1994
the affair,love affair,0.8378530082829484,FALSE,2015,1939
nuns story the,the nuns story,0.8361570546099486,TRUE,1959,1959
education an,an education,0.8360254060625968,TRUE,2009,2009
great santini the,the great santini,0.8348397561069621,TRUE,1980,1980
long days journey into night 1962,long days journey into night,0.8347203610198396,TRUE,1962,1962
cry in the dark a,a cry in the dark,0.8341155278260611,TRUE,1988,1988
leopard the,the leopard,0.8338233848229201,TRUE,1963,1963
parenthood tv,parenthood,0.8328500855747252,FALSE,2013,1989
new land the,the new land,0.8328447416308139,TRUE,1972,1972
reivers the,the reivers,0.8308712113347806,TRUE,1969,1969
wilde,wild,0.8292611702155456,FALSE,1998,2014
men dont tell,dont tell,0.8290704661146598,FALSE,1993,2005
mission the,the mission,0.8287368250982925,TRUE,1986,1986
lilith,lili,0.8279582907546637,FALSE,1964,1953
jokers the,joker,0.8272595983617097,FALSE,1967,2019
cooler the,the cooler,0.8260395618870013,TRUE,2003,2003
cotton club the,the cotton club,0.8250346601232764,TRUE,1984,1984
cardinal the,the cardinal,0.8248249090273163,TRUE,1963,1963
becker,becket,0.8239476783191477,FALSE,2000,1964
divorce,the divorcee,0.8228280354729565,FALSE,2016,1929
great waltz the,the great waltz,0.8206887303429102,FALSE,1972,1938
mission impossible,the impossible,0.8205389652358376,FALSE,1967,2012
nashville  tv ,nashville,0.8200345968072862,FALSE,2012,1975
ides of march the,the ides of march,0.8180590145722619,TRUE,2011,2011
pianist the,the pianist,0.8178982885289615,TRUE,2002,2002
duchess the,the duchess,0.8170867795725429,TRUE,2008,2008
a streetcar named desire 1951,a streetcar named desire,0.8165796164111091,TRUE,1951,1951
a streetcar named desire 1995,a streetcar named desire,0.8162117976061857,FALSE,1995,1951
player the,the player,0.8159439186515774,TRUE,1992,1992
fighter the,the fighter,0.8155437902417422,TRUE,2010,2010
players,the player,0.8138451807766764,FALSE,1979,1992
ramy,amy,0.8137576105467895,FALSE,2019,2015
hooperman,hooper,0.8129819102858742,FALSE,1987,1978
frances ha,frances,0.8125442474405565,FALSE,2013,1982
parent trap the,the parent trap,0.8096085123320597,TRUE,1961,1961
late show the,the late show,0.8092976273539765,TRUE,1977,1977
chernobyl,chernobyl heart,0.8046685948900631,FALSE,2019,2003
the pearl,pearl,0.8037182423600727,FALSE,1948,2016
actress the,the actress,0.8028279436953047,TRUE,1953,1953
iron lady the,the iron lady,0.8016164354032486,TRUE,2011,2011
father of the bride part ii,father of the bride,0.7988195084924185,FALSE,1995,1950
joan of arcadia,joan of arc,0.7973995202166655,FALSE,2003,1948
victors the,victor,0.7971801020785589,FALSE,1963,1998
master gunfighter the,the gunfighter,0.7964672725104587,FALSE,1975,1950
hung,hunger,0.7953465718934442,FALSE,2009,1974
judge the,the judge,0.7928541224369751,TRUE,2014,2014
masada,asad,0.7920038088345988,FALSE,1981,2012
natural the,the natural,0.7883617566743082,TRUE,1984,1984
the informant,the informer,0.7882574747456852,FALSE,2009,1935
odd obsession,obsession,0.7878508060951291,FALSE,1959,1976
la vérité the truth,la vérité,0.7854724913955184,TRUE,1960,1960
door to door,the door,0.7852938804058011,FALSE,2002,2009
adalen 31,ådalen 31,0.7842413140600745,TRUE,1969,1969
centennial,bicentennial man,0.7829768626754744,FALSE,1979,1999
the white queen,the queen,0.7826870081765749,FALSE,2013,2006
town the,on the town,0.7815009625682815,FALSE,2010,1949
rose garden the,the garden,0.7811279935751645,FALSE,1989,2008
fugitive the tv,the fugitive,0.7804053745091736,FALSE,1964,1993
grass is greener the,the grass is always greener,0.7799237243837582,FALSE,1960,1949
return of the pink panther the,the pink panther,0.7791829854753084,FALSE,1975,1964
all in the family,the family,0.7781994620260242,FALSE,1971,1987
goldengirl,golden girl,0.7775299751888585,FALSE,1979,1951
harlan county war,harlan county usa,0.7773485020256073,FALSE,2000,1976
letter the,the letter,0.7769543205988694,FALSE,1982,1928
extremities,extremis,0.7749036151387259,FALSE,1986,2016
oh madeline,madeline,0.7738453187204867,FALSE,1983,1952
cyrano de bergerac 1950,cyrano de bergerac,0.7736238370717243,TRUE,1950,1950
caroline,carol,0.7731213437800563,FALSE,1990,2015
goliath,goliath ii,0.7711830529262739,FALSE,2016,1960
verdict the,the verdict,0.7704392365534543,TRUE,1982,1982
birds the,the birds,0.7678065634134804,TRUE,1963,1963
field the,the field,0.7666064711018324,TRUE,1990,1990
master the,the master,0.7663137730041105,TRUE,2012,2012
hope,on hope,0.7632458152210827,FALSE,1997,1994
france francesco rosi,frances,0.7620237873979526,FALSE,1984,1982
the mighty,the high and the mighty,0.7617930409277036,FALSE,1998,1954
jekyll  hyde,dr jekyll and mr hyde,0.7595332073209955,FALSE,1990,1931
girls,les girls,0.7578881293925321,FALSE,2012,1957
dallas,stella dallas,0.7566854151467735,FALSE,1979,1937
gia,giant,0.7562369284316118,FALSE,1998,1956
friends,best friends,0.7558126198808417,FALSE,1995,1982
the americans,america america,0.7553616737240245,FALSE,2016,1963
cat people,night people,0.7549605190189763,FALSE,1982,1954
joey,joe,0.7548730705043989,FALSE,2004,1970
seven seconds,seconds,0.7545722201981072,FALSE,2018,1966
arthur millers death of a salesman,death of a salesman,0.7535690732286587,FALSE,2000,1951
holiday heart,holiday,0.7512858396534751,FALSE,2000,1930
get smart,street smart,0.7508176413329865,FALSE,1965,1987
battle of the bulge,the battle of the bulgethe brave rifles,0.7507904561748371,TRUE,1965,1965
macarthur,arthur,0.7505701302764788,FALSE,1977,1981
husbands,husbands and wives,0.7502403638575786,FALSE,1970,1992
king and i the,the king and i,0.7495073257158047,TRUE,1956,1956
grandma,the grandmaster,0.7480665442763809,FALSE,2015,2013
queen the,queen bee,0.7471503741903949,FALSE,2006,1955
death of a salesman 1951,death of a salesman,0.7467056636121889,TRUE,1951,1951
coco chanel,coco before chanel,0.7466676754114894,TRUE,2008,2009
something to talk about,something to sing about,0.7464577984262193,FALSE,1995,1937
grace under fire,under fire,0.7455703581603816,FALSE,1994,1983
love in the afternoon,late afternoon,0.7448220512416972,FALSE,1957,2018
luna,la luna,0.7440791549835496,FALSE,1979,2011
out of darkness,in darkness,0.7429455930796196,FALSE,1994,2011
12 angry men 1957,12 angry men,0.7406021981079348,TRUE,1957,1957
mona lisa smile,mona lisa,0.7403576640058228,FALSE,2003,1986
dove the,the dove,0.7401493368882374,FALSE,1974,1927
homecoming,coming home,0.7401028979001036,FALSE,2018,1978
the girl,gone girl,0.7399743172418647,FALSE,2012,2014
julia tv,julia,0.7398065359513838,FALSE,1968,1977
homecoming the,coming home,0.7394493017177343,FALSE,1971,1978
benjamin,private benjamin,0.7383676048851936,FALSE,1968,1980
romeo and juliet 1966,romeo and juliet,0.7360771615300394,FALSE,1966,1936
peyton place tv series,peyton place,0.7354980812165284,FALSE,1964,1957
oklahoma crude,oklahoma,0.7348076727362493,FALSE,1973,1955
streets of san francisco the,san francisco,0.7323793634198015,FALSE,1974,1936
beautiful boy,a beautiful mind,0.7303890877837844,FALSE,2018,2001
brothers,oh brother my brother,0.7301064426681643,FALSE,2009,1979
new york new york,gangs of new york,0.7300526685634093,FALSE,1977,2002
mr robot,i robot,0.7292685267213131,FALSE,2015,2004
the night of,one night of love,0.7288912262770202,FALSE,2016,1934
quest for camelot the magic sword,quest for camelot,0.7283572655281386,TRUE,1998,1998
star wars episode v  the empire strikes back,the empire strikes back,0.7277157713671766,TRUE,1980,1980
general hospital,the hospital,0.7275210582867425,FALSE,1973,1971
heart of darkness,in darkness,0.7275093407708788,FALSE,1994,2011
tea for two,tea for two hundred,0.7255393401469341,FALSE,1950,1948
dangerous woman a,dangerous,0.7252875191359089,FALSE,1993,1935
chicago hope,chicago,0.7247232650794663,FALSE,1994,2002
this happy feeling,happy feet,0.7237440500715624,FALSE,1957,2006
urban cowboy,cowboy,0.7237147853896218,FALSE,1980,1958
front the,the front,0.7235357326619111,TRUE,1976,1976
farewell the,a farewell to arms,0.7212459855508607,FALSE,2019,1932
sunshine,the sunshine boys,0.7206383863952714,FALSE,2000,1975
this is tom jones,tom jones,0.7199174742086483,FALSE,1969,1963
guard the,guard dog,0.7195099609031376,FALSE,2011,2004
genius,genius loci,0.7192131045855853,FALSE,2017,2020
gnomeo  juliet,romeo and juliet,0.7169867652650773,FALSE,2011,1936
nightingale,a cage of nightingales,0.7164570610358935,FALSE,2015,1947
everybodys fine,its everybodys war,0.7157167647204371,FALSE,2009,1942
brett maverick,maverick,0.7142162183227223,FALSE,1981,1994
rescue me,the rescuers,0.7138530336787912,FALSE,2004,1977
river the,the river,0.7137146919887419,TRUE,1984,1984
motherless brooklyn,brooklyn,0.7132873936080242,FALSE,2019,2015
something about amelia,something to shout about,0.7127639898350138,FALSE,1984,1943
inherit the wind  1960,inherit the wind,0.7121818760433422,TRUE,1960,1960
mad men,its a mad mad mad mad world,0.7118140758566829,FALSE,2007,1963
stepmom,the stepmother,0.7115158660188154,FALSE,1998,1972
a night to remember,a song to remember,0.7088460095833369,FALSE,1958,1945
angels in america,in america,0.7086608085188519,TRUE,2003,2003
manchurian candidate 2004 the,the manchurian candidate,0.7085290841268025,FALSE,2004,1962
kung fu,kung fu panda,0.7082613167984818,FALSE,1973,2008
odds against tomorrow,the odds against,0.7078222811323357,FALSE,1959,1966
sundays and cybèle,sundays and cybele,0.7075565113546812,TRUE,1962,1962
rosemary,rosemarys baby,0.7072494849180884,FALSE,1958,1968
it came from outer space,the chicken from outer space,0.7072439231632119,FALSE,1953,1995
hear my song,my son my son,0.7064305689177193,FALSE,1991,1940
mask the,mask,0.7054539267682189,FALSE,1994,1985
endgame,avengers endgame,0.7053412419788659,FALSE,2009,2019
sting the,the sting,0.7053396326738934,TRUE,1973,1973
baby m,the baby maker,0.7036000083156496,FALSE,1988,1970
man for all seasons a 1988,a man for all seasons,0.7030102653153979,FALSE,1988,1966
beyond the sea,beyond the forest,0.7025607790885111,FALSE,2004,1949
1000000 duck,1000 a minute,0.7018396335847368,FALSE,1971,1935
the song of bernadette,the song of bernadette,1,TRUE,1943,1943
mrs parkington,mrs parkington,1,TRUE,1944,1944
a medal for benny,a medal for benny,1,TRUE,1945,1945
the lost weekend,the lost weekend,1,TRUE,1945,1945
the best years of our lives,the best years of our lives,1,TRUE,1946,1946
sister kenny,sister kenny,1,TRUE,1946,1946
gentlemans agreement,gentlemans agreement,1,TRUE,1947,1947
bambi,bambi,1,FALSE,1947,1942
mourning becomes electra,mourning becomes electra,1,TRUE,1947,1947
a double life,a double life,1,TRUE,1947,1947
i remember mama,i remember mama,1,TRUE,1948,1948
the search,the search,1,TRUE,1948,1948
the heiress,the heiress,1,TRUE,1949,1949
champion,champion,1,TRUE,1949,1949
all about eve,all about eve,1,TRUE,1950,1950
three little words,three little words,1,TRUE,1950,1950
the asphalt jungle,the asphalt jungle,1,TRUE,1950,1950
louisa,louisa,1,TRUE,1950,1950
annie get your gun,annie get your gun,1,TRUE,1950,1950
bright victory,bright victory,1,TRUE,1951,1951
quo vadis,quo vadis,1,TRUE,1951,1951
the well,the well,1,TRUE,1951,1951
the thief,the thief,1,TRUE,1952,1952
singin in the rain,singin in the rain,1,TRUE,1952,1952
hans christian andersen,hans christian andersen,1,TRUE,1952,1952
the greatest show on earth,the greatest show on earth,1,TRUE,1952,1952
pat and mike,pat and mike,1,TRUE,1952,1952
mogambo,mogambo,1,TRUE,1953,1953
from here to eternity,from here to eternity,1,TRUE,1953,1953
broken lance,broken lance,1,TRUE,1954,1954
seven brides for seven brothers,seven brides for seven brothers,1,TRUE,1954,1954
picnic,picnic,1,TRUE,1955,1955
war and peace,war and peace,1,TRUE,1956,1956
friendly persuasion,friendly persuasion,1,TRUE,1956,1956
around the world in 80 days,around the world in 80 days,1,TRUE,1956,1956
wild is the wind,wild is the wind,1,TRUE,1957,1957
pal joey,pal joey,1,TRUE,1957,1957
peyton place,peyton place,1,TRUE,1957,1957
raintree county,raintree county,1,TRUE,1957,1957
les girls,les girls,1,TRUE,1957,1957
some came running,some came running,1,TRUE,1958,1958
lonelyhearts,lonelyhearts,1,TRUE,1958,1958
room at the top,room at the top,1,TRUE,1959,1959
career,career,1,TRUE,1959,1959
imitation of life,imitation of life,1,FALSE,1959,1934
on the beach,on the beach,1,TRUE,1959,1959
pillow talk,pillow talk,1,TRUE,1959,1959
the bridge,the bridge,1,TRUE,1959,1959
sunrise at campobello,sunrise at campobello,1,TRUE,1960,1960
lets make love,lets make love,1,TRUE,1960,1960
bells are ringing,bells are ringing,1,TRUE,1960,1960
ballad of a soldier,ballad of a soldier,1,TRUE,1960,1961
hiroshima mon amour,hiroshima mon amour,1,TRUE,1960,1960
tunes of glory,tunes of glory,1,TRUE,1960,1960
fanny,fanny,1,TRUE,1961,1961
west side story,west side story,1,TRUE,1961,1961
the guns of navarone,the guns of navarone,1,TRUE,1961,1961
phaedra,phaedra,1,TRUE,1962,1962
days of wine and roses,days of wine and roses,1,TRUE,1962,1962
lawrence of arabia,lawrence of arabia,1,TRUE,1962,1962
the pigeon that took rome,the pigeon that took rome,1,TRUE,1962,1962
toys in the attic,toys in the attic,1,TRUE,1963,1963
love with the proper stranger,love with the proper stranger,1,TRUE,1963,1963
america america,america america,1,TRUE,1963,1963
cleopatra,cleopatra,1,FALSE,1963,1934
hud,hud,1,TRUE,1963,1963
tom jones,tom jones,1,TRUE,1963,1963
charade,charade,1,TRUE,1963,1963
irma la douce,irma la douce,1,TRUE,1963,1963
come blow your horn,come blow your horn,1,TRUE,1963,1963
seven days in may,seven days in may,1,TRUE,1963,1964
yesterday today and tomorrow,yesterday today and tomorrow,1,TRUE,1963,1964
bye bye birdie,bye bye birdie,1,TRUE,1963,1963
becket,becket,1,TRUE,1964,1964
zorba the greek,zorba the greek,1,TRUE,1964,1964
the best man,the best man,1,TRUE,1964,1964
darling,darling,1,TRUE,1965,1965
those magnificent men in their flying machines,those magnificent men in their flying machines,1,TRUE,1965,1965
the umbrellas of cherbourg,the umbrellas of cherbourg,1,TRUE,1965,1964
a man and a woman,a man and a woman,1,TRUE,1966,1966
whos afraid of virginia woolf,whos afraid of virginia woolf,1,TRUE,1966,1966
youre a big boy now,youre a big boy now,1,TRUE,1966,1966
is paris burning,is paris burning,1,TRUE,1966,1966
grand prix,grand prix,1,TRUE,1966,1966
the whisperers,the whisperers,1,TRUE,1967,1967
the fox,the fox,1,TRUE,1967,1968
in the heat of the night,in the heat of the night,1,TRUE,1967,1967
far from the madding crowd,far from the madding crowd,1,TRUE,1967,1967
cool hand luke,cool hand luke,1,TRUE,1967,1967
doctor dolittle,doctor dolittle,1,TRUE,1967,1967
live for life,live for life,1,TRUE,1967,1967
two for the road,two for the road,1,TRUE,1967,1967
valley of the dolls,valley of the dolls,1,TRUE,1967,1967
the stranger,the stranger,1,FALSE,1967,1946
ulysses,ulysses,1,TRUE,1967,1967
isadora,isadora,1,TRUE,1968,1968
charly,charly,1,TRUE,1968,1968
finians rainbow,finians rainbow,1,TRUE,1968,1968
for love of ivy,for love of ivy,1,TRUE,1968,1968
star,star,1,TRUE,1968,1968
funny girl,funny girl,1,TRUE,1968,1968
i even met happy gypsies,i even met happy gypsies,1,TRUE,1968,1967
stolen kisses,stolen kisses,1,TRUE,1968,1968
they shoot horses dont they,they shoot horses dont they,1,TRUE,1969,1969
true grit,true grit,1,TRUE,1969,1969
goodbye mr chips,goodbye mr chips,1,FALSE,1969,1939
cactus flower,cactus flower,1,TRUE,1969,1969
easy rider,easy rider,1,TRUE,1969,1969
butch cassidy and the sundance kid,butch cassidy and the sundance kid,1,TRUE,1969,1969
goodbye columbus,goodbye columbus,1,TRUE,1969,1969
sweet charity,sweet charity,1,TRUE,1969,1969
z,z,1,TRUE,1969,1969
love story,love story,1,TRUE,1970,1970
patton,patton,1,TRUE,1970,1970
five easy pieces,five easy pieces,1,TRUE,1970,1970
diary of a mad housewife,diary of a mad housewife,1,TRUE,1970,1970
little big man,little big man,1,TRUE,1970,1970
darling lili,darling lili,1,TRUE,1970,1970
madron,madron,1,TRUE,1970,1970
klute,klute,1,TRUE,1971,1971
the hospital,the hospital,1,TRUE,1971,1971
carnal knowledge,carnal knowledge,1,TRUE,1971,1971
kotch,kotch,1,TRUE,1971,1971
nicholas and alexandra,nicholas and alexandra,1,TRUE,1971,1971
summer of 42,summer of 42,1,TRUE,1971,1971
shaft,shaft,1,TRUE,1971,1971
lady sings the blues,lady sings the blues,1,TRUE,1972,1972
sleuth,sleuth,1,TRUE,1972,1972
deliverance,deliverance,1,TRUE,1972,1972
ben,ben,1,TRUE,1972,1972
cries and whispers,cries and whispers,1,TRUE,1972,1973
save the tiger,save the tiger,1,TRUE,1973,1973
jesus christ superstar,jesus christ superstar,1,TRUE,1973,1973
paper moon,paper moon,1,TRUE,1973,1973
day for night,day for night,1,TRUE,1973,1973
last tango in paris,last tango in paris,1,TRUE,1973,1973
jonathan livingston seagull,jonathan livingston seagull,1,TRUE,1973,1973
chinatown,chinatown,1,TRUE,1974,1974
alice doesnt live here anymore,alice doesnt live here anymore,1,TRUE,1974,1974
the longest yard,the longest yard,1,TRUE,1974,1974
the towering inferno,the towering inferno,1,TRUE,1974,1974
phantom of the paradise,phantom of the paradise,1,TRUE,1974,1974
three days of the condor,three days of the condor,1,TRUE,1975,1975
dog day afternoon,dog day afternoon,1,TRUE,1975,1975
give em hell harry,give em hell harry,1,TRUE,1975,1975
tommy,tommy,1,TRUE,1975,1975
funny lady,funny lady,1,TRUE,1975,1975
jacqueline susanns once is not enough,jacqueline susanns once is not enough,1,TRUE,1975,1975
rocky,rocky,1,TRUE,1976,1976
face to face,face to face,1,TRUE,1976,1976
bound for glory,bound for glory,1,TRUE,1976,1976
marathon man,marathon man,1,TRUE,1976,1976
all the presidents men,all the presidents men,1,TRUE,1976,1976
bugsy malone,bugsy malone,1,TRUE,1976,1976
equus,equus,1,TRUE,1977,1977
annie hall,annie hall,1,TRUE,1977,1977
saturday night fever,saturday night fever,1,TRUE,1977,1977
coming home,coming home,1,TRUE,1978,1978
interiors,interiors,1,TRUE,1978,1978
autumn sonata,autumn sonata,1,TRUE,1978,1978
grease,grease,1,TRUE,1978,1978
heaven can wait,heaven can wait,1,FALSE,1978,1943
kramer vs kramer,kramer vs kramer,1,TRUE,1979,1979
chapter two,chapter two,1,TRUE,1979,1979
10,10,1,TRUE,1979,1979
all that jazz,all that jazz,1,TRUE,1979,1979
ordinary people,ordinary people,1,TRUE,1980,1980
tess,tess,1,TRUE,1980,1980
coal miners daughter,coal miners daughter,1,TRUE,1980,1980
somewhere in time,somewhere in time,1,TRUE,1980,1980
endless love,endless love,1,TRUE,1980,1981
on golden pond,on golden pond,1,TRUE,1981,1981
atlantic city,atlantic city,1,TRUE,1981,1981
prince of the city,prince of the city,1,TRUE,1981,1981
pennies from heaven,pennies from heaven,1,FALSE,1981,1936
for your eyes only,for your eyes only,1,TRUE,1981,1981
sophies choice,sophies choice,1,TRUE,1982,1982
frances,frances,1,TRUE,1982,1982
gandhi,gandhi,1,TRUE,1982,1982
tootsie,tootsie,1,TRUE,1982,1982
blade runner,blade runner,1,TRUE,1982,1982
rocky iii,rocky iii,1,TRUE,1982,1982
nine to five,nine to five,1,FALSE,1982,1980
testament,testament,1,TRUE,1983,1983
silkwood,silkwood,1,TRUE,1983,1983
the dresser,the dresser,1,TRUE,1983,1983
tender mercies,tender mercies,1,TRUE,1983,1983
reuben reuben,reuben reuben,1,TRUE,1983,1983
yentl,yentl,1,TRUE,1983,1983
trading places,trading places,1,TRUE,1983,1983
under fire,under fire,1,TRUE,1983,1983
fanny  alexander,fanny  alexander,1,TRUE,1983,1983
places in the heart,places in the heart,1,TRUE,1984,1984
amadeus,amadeus,1,TRUE,1984,1984
beverly hills cop,beverly hills cop,1,TRUE,1984,1984
ghostbusters,ghostbusters,1,TRUE,1984,1984
mask,mask,1,TRUE,1985,1985
witness,witness,1,TRUE,1985,1985
twice in a lifetime,twice in a lifetime,1,TRUE,1985,1985
murphys romance,murphys romance,1,TRUE,1985,1985
back to the future,back to the future,1,TRUE,1985,1985
white nights,white nights,1,TRUE,1985,1985
death of a salesman,death of a salesman,1,FALSE,1985,1951
mona lisa,mona lisa,1,TRUE,1986,1986
hoosiers,hoosiers,1,TRUE,1986,1986
stand by me,stand by me,1,TRUE,1986,1986
top gun,top gun,1,TRUE,1986,1986
wall street,wall street,1,TRUE,1987,1987
cry freedom,cry freedom,1,TRUE,1987,1987
hope and glory,hope and glory,1,TRUE,1987,1987
empire of the sun,empire of the sun,1,TRUE,1987,1987
beverly hills cop ii,beverly hills cop ii,1,TRUE,1987,1987
running on empty,running on empty,1,TRUE,1988,1988
rain man,rain man,1,TRUE,1988,1988
mississippi burning,mississippi burning,1,TRUE,1988,1988
stand and deliver,stand and deliver,1,TRUE,1988,1988
bird,bird,1,TRUE,1988,1988
bull durham,bull durham,1,TRUE,1988,1988
big,big,1,TRUE,1988,1988
little dorrit,little dorrit,1,TRUE,1988,1988
music box,music box,1,TRUE,1989,1989
dead poets society,dead poets society,1,TRUE,1989,1989
driving miss daisy,driving miss daisy,1,TRUE,1989,1989
when harry met sally,when harry met sally,1,TRUE,1989,1989
do the right thing,do the right thing,1,TRUE,1989,1989
dear john,dear john,1,FALSE,1989,1965
mr  mrs bridge,mr  mrs bridge,1,TRUE,1990,1990
dances with wolves,dances with wolves,1,TRUE,1990,1990
ghost,ghost,1,TRUE,1990,1990
edward scissorhands,edward scissorhands,1,TRUE,1990,1990
avalon,avalon,1,TRUE,1990,1990
thelma  louise,thelma  louise,1,TRUE,1991,1991
hook,hook,1,TRUE,1991,1991
grand canyon,grand canyon,1,FALSE,1991,1958
robin hood prince of thieves,robin hood prince of thieves,1,TRUE,1991,1991
howards end,howards end,1,TRUE,1992,1992
passion fish,passion fish,1,TRUE,1992,1992
lorenzos oil,lorenzos oil,1,TRUE,1992,1992
basic instinct,basic instinct,1,TRUE,1992,1992
chaplin,chaplin,1,TRUE,1992,1992
malcolm x,malcolm x,1,FALSE,1992,1972
death becomes her,death becomes her,1,TRUE,1992,1992
mr saturday night,mr saturday night,1,TRUE,1992,1992
damage,damage,1,TRUE,1992,1992
unforgiven,unforgiven,1,TRUE,1992,1992
glengarry glen ross,glengarry glen ross,1,TRUE,1992,1992
aladdin,aladdin,1,TRUE,1992,1992
in the name of the father,in the name of the father,1,TRUE,1993,1993
sleepless in seattle,sleepless in seattle,1,TRUE,1993,1993
dave,dave,1,TRUE,1993,1993
fearless,fearless,1,TRUE,1993,1993
whats eating gilbert grape,whats eating gilbert grape,1,TRUE,1993,1993
nell,nell,1,TRUE,1994,1994
forrest gump,forrest gump,1,TRUE,1994,1994
legends of the fall,legends of the fall,1,TRUE,1994,1994
pulp fiction,pulp fiction,1,TRUE,1994,1994
true lies,true lies,1,TRUE,1994,1994
four weddings and a funeral,four weddings and a funeral,1,TRUE,1994,1994
bullets over broadway,bullets over broadway,1,TRUE,1994,1994
the lion king,the lion king,1,TRUE,1994,1994
dead man walking,dead man walking,1,TRUE,1995,1995
nixon,nixon,1,TRUE,1995,1995
mighty aphrodite,mighty aphrodite,1,TRUE,1995,1995
batman forever,batman forever,1,TRUE,1995,1995
toy story,toy story,1,TRUE,1995,1995
breaking the waves,breaking the waves,1,TRUE,1996,1996
the hunchback of notre dame,the hunchback of notre dame,1,FALSE,1996,1939
that thing you do,that thing you do,1,TRUE,1996,1996
one fine day,one fine day,1,TRUE,1996,1996
mrs brown,mrs brown,1,TRUE,1997,1997
amistad,amistad,1,TRUE,1997,1997
my best friends wedding,my best friends wedding,1,TRUE,1997,1997
wag the dog,wag the dog,1,TRUE,1997,1997
la confidential,la confidential,1,TRUE,1997,1997
boogie nights,boogie nights,1,TRUE,1997,1997
gattaca,gattaca,1,TRUE,1997,1997
kundun,kundun,1,TRUE,1997,1997
central station,central station,1,TRUE,1998,1998
saving private ryan,saving private ryan,1,TRUE,1998,1998
gods and monsters,gods and monsters,1,TRUE,1998,1998
affliction,affliction,1,TRUE,1998,1998
shakespeare in love,shakespeare in love,1,TRUE,1998,1998
bulworth,bulworth,1,TRUE,1998,1998
primary colors,primary colors,1,TRUE,1998,1998
patch adams,patch adams,1,TRUE,1998,1998
mulan,mulan,1,TRUE,1998,1998
rear window,rear window,1,FALSE,1998,1954
boys dont cry,boys dont cry,1,TRUE,1999,1999
the end of the affair,the end of the affair,1,TRUE,1999,1999
music of the heart,music of the heart,1,TRUE,1999,1999
the straight story,the straight story,1,TRUE,1999,1999
tumbleweeds,tumbleweeds,1,TRUE,1999,1999
election,election,1,TRUE,1999,1999
sweet and lowdown,sweet and lowdown,1,FALSE,1999,1944
girl interrupted,girl interrupted,1,TRUE,1999,1999
magnolia,magnolia,1,TRUE,1999,1999
anna and the king,anna and the king,1,TRUE,1999,1999
tarzan,tarzan,1,TRUE,1999,1999
toy story 2,toy story 2,1,TRUE,1999,1999
austin powers the spy who shagged me,austin powers the spy who shagged me,1,TRUE,1999,1999
joan of arc,joan of arc,1,FALSE,1999,1948
erin brockovich,erin brockovich,1,TRUE,2000,2000
you can count on me,you can count on me,1,TRUE,2000,2000
requiem for a dream,requiem for a dream,1,TRUE,2000,2000
cast away,cast away,1,TRUE,2000,2000
quills,quills,1,TRUE,2000,2000
chocolat,chocolat,1,TRUE,2000,2000
almost famous,almost famous,1,TRUE,2000,2000
shadow of the vampire,shadow of the vampire,1,TRUE,2000,2000
malèna,malèna,1,TRUE,2000,2000
the emperors new groove,the emperors new groove,1,TRUE,2000,2000
a beautiful mind,a beautiful mind,1,TRUE,2001,2001
ali,ali,1,TRUE,2001,2001
training day,training day,1,TRUE,2001,2001
bridget joness diary,bridget joness diary,1,TRUE,2001,2001
ghost world,ghost world,1,TRUE,2001,2001
gosford park,gosford park,1,TRUE,2001,2001
the hours,the hours,1,TRUE,2002,2002
frida,frida,1,TRUE,2002,2002
unfaithful,unfaithful,1,TRUE,2002,2002
my big fat greek wedding,my big fat greek wedding,1,TRUE,2002,2002
adaptation,adaptation,1,TRUE,2002,2002
road to perdition,road to perdition,1,TRUE,2002,2002
the wild thornberrys movie,the wild thornberrys movie,1,TRUE,2002,2002
8 mile,8 mile,1,TRUE,2002,2002
cold mountain,cold mountain,1,TRUE,2003,2003
thirteen,thirteen,1,TRUE,2003,2003
house of sand and fog,house of sand and fog,1,TRUE,2003,2003
pirates of the caribbean the curse of the black pearl,pirates of the caribbean the curse of the black pearl,1,TRUE,2003,2003
pieces of april,pieces of april,1,TRUE,2003,2003
seabiscuit,seabiscuit,1,TRUE,2003,2003
kinsey,kinsey,1,TRUE,2004,2004
being julia,being julia,1,TRUE,2004,2004
the phantom of the opera,the phantom of the opera,1,TRUE,2004,2004
closer,closer,1,TRUE,2004,2004
collateral,collateral,1,TRUE,2004,2004
the polar express,the polar express,1,TRUE,2004,2004
shrek 2,shrek 2,1,TRUE,2004,2004
transamerica,transamerica,1,TRUE,2005,2005
north country,north country,1,TRUE,2005,2005
cinderella man,cinderella man,1,TRUE,2005,2005
hustle  flow,hustle  flow,1,TRUE,2005,2005
the producers,the producers,1,FALSE,2005,1968
syriana,syriana,1,TRUE,2005,2005
crash,crash,1,TRUE,2005,2005
notes on a scandal,notes on a scandal,1,TRUE,2006,2006
little children,little children,1,TRUE,2006,2006
volver,volver,1,TRUE,2006,2006
babel,babel,1,TRUE,2006,2006
away from her,away from her,1,TRUE,2007,2007
elizabeth  the golden age,elizabeth the golden age,1,TRUE,2007,2007
there will be blood,there will be blood,1,TRUE,2007,2007
la vie en rose,la vie en rose,1,TRUE,2007,2007
charlie wilsons war,charlie wilsons war,1,TRUE,2007,2007
the diving bell and the butterfly,the diving bell and the butterfly,1,TRUE,2007,2007
the kite runner,the kite runner,1,TRUE,2007,2007
jane eyre,jane eyre,1,FALSE,2007,2011
doubt,doubt,1,TRUE,2008,2008
rachel getting married,rachel getting married,1,TRUE,2008,2008
frostnixon,frostnixon,1,TRUE,2008,2008
happygolucky,happygolucky,1,TRUE,2008,2008
vicky cristina barcelona,vicky cristina barcelona,1,TRUE,2008,2008
tropic thunder,tropic thunder,1,TRUE,2008,2008
defiance,defiance,1,TRUE,2008,2008
bolt,bolt,1,TRUE,2008,2008
crazy heart,crazy heart,1,TRUE,2009,2009
up in the air,up in the air,1,TRUE,2009,2009
a single man,a single man,1,TRUE,2009,2009
julie  julia,julie  julia,1,TRUE,2009,2009
district 9,district 9,1,TRUE,2009,2009
up,up,1,FALSE,2009,1984
rabbit hole,rabbit hole,1,TRUE,2010,2010
winters bone,winters bone,1,TRUE,2010,2010
blue valentine,blue valentine,1,TRUE,2010,2010
127 hours,127 hours,1,TRUE,2010,2010
barneys version,barneys version,1,TRUE,2010,2010
inception,inception,1,TRUE,2010,2010
country strong,country strong,1,TRUE,2010,2010
tangled,tangled,1,TRUE,2010,2010
albert nobbs,albert nobbs,1,TRUE,2011,2011
moneyball,moneyball,1,TRUE,2011,2011
my week with marilyn,my week with marilyn,1,TRUE,2011,2011
the artist,the artist,1,TRUE,2011,2011
beginners,beginners,1,TRUE,2011,2011
hitchcock,hitchcock,1,TRUE,2012,2012
lincoln,lincoln,1,TRUE,2012,2012
anna karenina,anna karenina,1,TRUE,2012,2012
skyfall,skyfall,1,TRUE,2012,2012
blue jasmine,blue jasmine,1,TRUE,2013,2013
gravity,gravity,1,TRUE,2013,2013
all is lost,all is lost,1,TRUE,2013,2013
before midnight,before midnight,1,TRUE,2013,2013
frozen,frozen,1,TRUE,2013,2013
still alice,still alice,1,TRUE,2014,2014
into the woods,into the woods,1,TRUE,2014,2014
inherent vice,inherent vice,1,TRUE,2014,2014
whiplash,whiplash,1,TRUE,2014,2014
interstellar,interstellar,1,TRUE,2014,2014
brooklyn,brooklyn,1,TRUE,2015,2015
steve jobs,steve jobs,1,TRUE,2015,2015
trumbo,trumbo,1,TRUE,2015,2015
ex machina,ex machina,1,TRUE,2015,2015
spotlight,spotlight,1,TRUE,2015,2015
spectre,spectre,1,TRUE,2015,2015
elle,elle,1,TRUE,2016,2016
manchester by the sea,manchester by the sea,1,TRUE,2016,2016
la la land,la la land,1,TRUE,2016,2016
20th century women,20th century women,1,TRUE,2016,2016
florence foster jenkins,florence foster jenkins,1,TRUE,2016,2016
moonlight,moonlight,1,TRUE,2016,2016
lion,lion,1,TRUE,2016,2016
nocturnal animals,nocturnal animals,1,TRUE,2016,2016
hell or high water,hell or high water,1,TRUE,2016,2016
the post,the post,1,TRUE,2017,2017
all the money in the world,all the money in the world,1,TRUE,2017,2017
the shape of water,the shape of water,1,TRUE,2017,2017
darkest hour,darkest hour,1,TRUE,2017,2017
phantom thread,phantom thread,1,TRUE,2017,2017
lady bird,lady bird,1,TRUE,2017,2017
mudbound,mudbound,1,TRUE,2017,2017
coco,coco,1,TRUE,2017,2017
bohemian rhapsody,bohemian rhapsody,1,TRUE,2018,2018
at eternitys gate,at eternitys gate,1,TRUE,2018,2018
green book,green book,1,TRUE,2018,2018
first man,first man,1,TRUE,2018,2018
harriet,harriet,1,TRUE,2019,2019
bombshell,bombshell,1,TRUE,2019,2019
joker,joker,1,TRUE,2019,2019
ford v ferrari,ford v ferrari,1,TRUE,2019,2019
frozen ii,frozen ii,1,TRUE,2019,2019
assassination of jesse james by the coward robert ford the,the assassination of jesse james by the coward robert ford,0.977219827,TRUE,2007,2007
adventures of priscilla queen of the desert the,the adventures of priscilla queen of the desert,0.968685684,TRUE,1994,1994
life and times of judge roy bean the,the life and times of judge roy bean,0.96493292,TRUE,1972,1972
french lieutenants woman the,the french lieutenants woman,0.955775983,TRUE,1981,1981
last temptation of christ the,the last temptation of christ,0.952310934,TRUE,1988,1988
manchurian candidate the,the manchurian candidate,0.94944153,TRUE,1962,1962
shoes of the fisherman the,the shoes of the fisherman,0.945155845,TRUE,1968,1968
bodyguard,the bodyguard,0.938401948,FALSE,2018,1992
wolf of wall street the,the wolf of wall street,0.93432098,TRUE,2013,2013
trip to bountiful the,the trip to bountiful,0.929158706,TRUE,1985,1985
unsinkable molly brown the,the unsinkable molly brown,0.92641984,TRUE,1964,1964
devil wears prada the,the devil wears prada,0.91365211,TRUE,2006,2006
eddy duchin story the,the eddy duchin story,0.910400755,TRUE,1955,1956
elizabeth i,elizabeth,0.90824119,FALSE,2006,1998
passage to india a,a passage to india,0.902827641,TRUE,1984,1984
facts of life the,the facts of life,0.902182336,TRUE,1960,1960
fish called wanda a,a fish called wanda,0.901959806,TRUE,1988,1988
mulholland dr,mulholland drive,0.90140255,TRUE,2001,2001
last emperor the,the last emperor,0.898175088,TRUE,1987,1987
gobetween the,the gobetween,0.897037512,TRUE,1971,1971
long way home a,the long way home,0.88971146,FALSE,1981,1997
hawaiians the,the hawaiians,0.888142518,TRUE,1970,1970
thief,the thief,0.887596515,FALSE,2006,1952
to bed or not to bed,to be or not to be,0.830280284,FALSE,1963,1942
sunday in new york,sundae in new york,0.825820692,FALSE,1964,1983
a streetcar named desire 1984,a streetcar named desire,0.824658965,FALSE,1984,1951
hustlers,the hustler,0.820289618,FALSE,2019,1961
lord of the rings the,the lord of the rings the return of the king,0.814197612,FALSE,1978,2003
burlesque,king of burlesque,0.807725437,FALSE,2010,1935
the year long road,the road a year long,0.801674359,TRUE,1958,1958
notorious woman,notorious,0.791653754,FALSE,1975,1946
mermaids,the mermaid,0.784935593,FALSE,1990,1997
la law,la la land,0.776635375,FALSE,1986,2016
after the promise,the promise,0.769327366,FALSE,1987,1979
reader the,the reader,0.761409735,TRUE,2008,2008
from here to eternity tv miniseries,from here to eternity,0.760295799,FALSE,1979,1953
wife the,the wife,0.743441201,TRUE,2018,2018
sleeper cell,sleepers,0.72948947,FALSE,2006,1996
hitler,hitler lives,0.713091177,FALSE,1961,1945
mrs harris,mrs harris goes to paris,0.701718352,FALSE,2006,2022